This file contains any messages produced by compilers while
running configure, to aid debugging if configure makes a mistake.

It was created by configure, which was
generated by GNU Autoconf 2.59 (OpenPKG-CURRENT).  Invocation command line was

  $ ./configure --prefix=/Users/yahdhih/etudes/S4/Personal_study-/Programmation_à_base_de_threads/PBT-MPP-TD2-ETUDIANT-2/pth-2.0.7/install

## --------- ##
## Platform. ##
## --------- ##

hostname = MacBook-Air-de-Abdel.local
uname -m = arm64
uname -r = 25.2.0
uname -s = Darwin
uname -v = Darwin Kernel Version 25.2.0: Tue Nov 18 21:09:34 PST 2025; root:xnu-12377.61.12~1/RELEASE_ARM64_T8112

/usr/bin/uname -p = arm
/bin/uname -X     = unknown

/bin/arch              = unknown
/usr/bin/arch -k       = unknown
/usr/convex/getsysinfo = unknown
hostinfo               = Mach kernel version:
	 Darwin Kernel Version 25.2.0: Tue Nov 18 21:09:34 PST 2025; root:xnu-12377.61.12~1/RELEASE_ARM64_T8112
Kernel configured for up to 8 processors.
8 processors are physically available.
8 processors are logically available.
Processor type: arm64e (ARM64E)
Processors active: 0 1 2 3 4 5 6 7
Primary memory available: 8.00 gigabytes
Default processor set: 606 tasks, 3735 threads, 8 processors
Load average: 5.72, Mach factor: 2.92
/bin/machine           = unknown
/usr/bin/oslevel       = unknown
/bin/universe          = unknown

PATH: /Users/yahdhih/.opam/4.14.0/bin
PATH: /Users/yahdhih/.nvm/versions/node/v22.15.0/bin
PATH: /Users/yahdhih/Downloads/jdk-23_macos-aarch64_bin.dmg/bin
PATH: /Users/yahdhih/Library/Application Support/Code/User/globalStorage/github.copilot-chat/debugCommand
PATH: /Users/yahdhih/Library/Application Support/Code/User/globalStorage/github.copilot-chat/copilotCli
PATH: /opt/homebrew/bin
PATH: /opt/homebrew/sbin
PATH: /usr/local/bin
PATH: /System/Cryptexes/App/usr/bin
PATH: /usr/bin
PATH: /bin
PATH: /usr/sbin
PATH: /sbin
PATH: /var/run/com.apple.security.cryptexd/codex.system/bootstrap/usr/local/bin
PATH: /var/run/com.apple.security.cryptexd/codex.system/bootstrap/usr/bin
PATH: /var/run/com.apple.security.cryptexd/codex.system/bootstrap/usr/appleinternal/bin
PATH: /opt/pmk/env/global/bin
PATH: /opt/X11/bin
PATH: /Library/Apple/usr/bin
PATH: /Library/TeX/texbin
PATH: /Users/yahdhih/Library/Application Support/Code/User/globalStorage/github.copilot-chat/debugCommand
PATH: /Users/yahdhih/Library/Application Support/Code/User/globalStorage/github.copilot-chat/copilotCli
PATH: /Users/yahdhih/.vscode/extensions/ms-python.debugpy-2025.18.0-darwin-arm64/bundled/scripts/noConfigScripts
PATH: /Users/yahdhih/.vscode/extensions/vscjava.vscode-java-debug-0.58.5/bundled/scripts/noConfigScripts


## ----------- ##
## Core tests. ##
## ----------- ##

configure:1671: result: 
configure:1673: result: [1mBuild Tools:[m
configure:1724: checking for gcc
configure:1740: found /usr/bin/gcc
configure:1750: result: gcc
configure:1994: checking for C compiler version
configure:1997: gcc --version </dev/null >&5
Apple clang version 17.0.0 (clang-1700.6.3.2)
Target: arm64-apple-darwin25.2.0
Thread model: posix
InstalledDir: /Applications/Xcode.app/Contents/Developer/Toolchains/XcodeDefault.xctoolchain/usr/bin
configure:2000: $? = 0
configure:2002: gcc -v </dev/null >&5
Apple clang version 17.0.0 (clang-1700.6.3.2)
Target: arm64-apple-darwin25.2.0
Thread model: posix
InstalledDir: /Applications/Xcode.app/Contents/Developer/Toolchains/XcodeDefault.xctoolchain/usr/bin
configure:2005: $? = 0
configure:2007: gcc -V </dev/null >&5
clang: error: argument to '-V' is missing (expected 1 value)
clang: error: no input files
configure:2010: $? = 1
configure:2033: checking for C compiler default output file name
configure:2036: gcc    conftest.c  >&5
configure:2039: $? = 0
configure:2085: result: a.out
configure:2090: checking whether the C compiler works
configure:2096: ./a.out
configure:2099: $? = 0
configure:2116: result: yes
configure:2123: checking whether we are cross compiling
configure:2125: result: no
configure:2128: checking for suffix of executables
configure:2130: gcc -o conftest    conftest.c  >&5
configure:2133: $? = 0
configure:2158: result: 
configure:2164: checking for suffix of object files
configure:2185: gcc -c   conftest.c >&5
configure:2188: $? = 0
configure:2210: result: o
configure:2214: checking whether we are using the GNU C compiler
configure:2238: gcc -c   conftest.c >&5
configure:2244: $? = 0
configure:2248: test -z 
			 || test ! -s conftest.err
configure:2251: $? = 0
configure:2254: test -s conftest.o
configure:2257: $? = 0
configure:2270: result: yes
configure:2276: checking whether gcc accepts -g
configure:2297: gcc -c -g  conftest.c >&5
configure:2303: $? = 0
configure:2307: test -z 
			 || test ! -s conftest.err
configure:2310: $? = 0
configure:2313: test -s conftest.o
configure:2316: $? = 0
configure:2327: result: yes
configure:2344: checking for gcc option to accept ANSI C
configure:2414: gcc  -c -g -O2  conftest.c >&5
conftest.c:16:14: warning: a function definition without a prototype is deprecated in all versions of C and is not supported in C23 [-Wdeprecated-non-prototype]
   16 | static char *e (p, i)
      |              ^
1 warning generated.
configure:2420: $? = 0
configure:2424: test -z 
			 || test ! -s conftest.err
configure:2427: $? = 0
configure:2430: test -s conftest.o
configure:2433: $? = 0
configure:2451: result: none needed
configure:2469: gcc -c -g -O2  conftest.c >&5
conftest.c:2:3: error: unknown type name 'choke'
    2 |   choke me
      |   ^
conftest.c:2:11: error: expected ';' after top level declarator
    2 |   choke me
      |           ^
      |           ;
2 errors generated.
configure:2475: $? = 1
configure: failed program was:
| #ifndef __cplusplus
|   choke me
| #endif
configure:2613: checking how to run the C preprocessor
configure:2648: gcc -E  conftest.c
configure:2654: $? = 0
configure:2686: gcc -E  conftest.c
conftest.c:9:10: fatal error: 'ac_nonexistent.h' file not found
    9 | #include <ac_nonexistent.h>
      |          ^~~~~~~~~~~~~~~~~~
1 error generated.
configure:2692: $? = 1
configure: failed program was:
| /* confdefs.h.  */
| 
| #define PACKAGE_NAME ""
| #define PACKAGE_TARNAME ""
| #define PACKAGE_VERSION ""
| #define PACKAGE_STRING ""
| #define PACKAGE_BUGREPORT ""
| /* end confdefs.h.  */
| #include <ac_nonexistent.h>
configure:2731: result: gcc -E
configure:2755: gcc -E  conftest.c
configure:2761: $? = 0
configure:2793: gcc -E  conftest.c
conftest.c:9:10: fatal error: 'ac_nonexistent.h' file not found
    9 | #include <ac_nonexistent.h>
      |          ^~~~~~~~~~~~~~~~~~
1 error generated.
configure:2799: $? = 1
configure: failed program was:
| /* confdefs.h.  */
| 
| #define PACKAGE_NAME ""
| #define PACKAGE_TARNAME ""
| #define PACKAGE_VERSION ""
| #define PACKAGE_STRING ""
| #define PACKAGE_BUGREPORT ""
| /* end confdefs.h.  */
| #include <ac_nonexistent.h>
configure:2842: checking for egrep
configure:2852: result: grep -E
configure:2857: checking whether make sets $(MAKE)
configure:2877: result: yes
configure:3029: checking for compiler option -pipe
configure:3052: result: yes
configure:3067: checking for compilation debug mode
configure:3069: result: disabled
configure:3075: checking for compilation profile mode
configure:3094: result: disabled
configure:3239: checking for compilation optimization mode
configure:3241: result: disabled
configure:3818: checking build system type
configure:3836: result: arm-apple-darwin25.2.0
configure:3844: checking host system type
configure:3858: result: arm-apple-darwin25.2.0
configure:3866: checking for a sed that does not truncate output
configure:3920: result: /opt/homebrew/bin/gsed
configure:3934: checking for ld used by gcc
configure:4001: result: /Applications/Xcode.app/Contents/Developer/Toolchains/XcodeDefault.xctoolchain/usr/bin/ld
configure:4010: checking if the linker (/Applications/Xcode.app/Contents/Developer/Toolchains/XcodeDefault.xctoolchain/usr/bin/ld) is GNU ld
configure:4025: result: no
configure:4030: checking for /Applications/Xcode.app/Contents/Developer/Toolchains/XcodeDefault.xctoolchain/usr/bin/ld option to reload object files
configure:4037: result: -r
configure:4055: checking for BSD-compatible nm
configure:4104: result: /usr/bin/nm -B
configure:4108: checking whether ln -s works
configure:4112: result: yes
configure:4119: checking how to recognise dependent libraries
configure:4295: result: pass_all
configure:4528: checking for ANSI C header files
configure:4553: gcc -c -O2 -pipe  conftest.c >&5
configure:4559: $? = 0
configure:4563: test -z 
			 || test ! -s conftest.err
configure:4566: $? = 0
configure:4569: test -s conftest.o
configure:4572: $? = 0
configure:4661: gcc -o conftest -O2 -pipe   conftest.c  >&5
conftest.c:26:7: error: call to undeclared library function 'exit' with type 'void (int) __attribute__((noreturn))'; ISO C99 and later do not support implicit function declarations [-Wimplicit-function-declaration]
   26 |       exit(2);
      |       ^
conftest.c:26:7: note: include the header <stdlib.h> or explicitly provide a declaration for 'exit'
1 error generated.
configure:4664: $? = 1
configure: program exited with status 1
configure: failed program was:
| /* confdefs.h.  */
| 
| #define PACKAGE_NAME ""
| #define PACKAGE_TARNAME ""
| #define PACKAGE_VERSION ""
| #define PACKAGE_STRING ""
| #define PACKAGE_BUGREPORT ""
| /* end confdefs.h.  */
| #include <ctype.h>
| #if ((' ' & 0x0FF) == 0x020)
| # define ISLOWER(c) ('a' <= (c) && (c) <= 'z')
| # define TOUPPER(c) (ISLOWER(c) ? 'A' + ((c) - 'a') : (c))
| #else
| # define ISLOWER(c) 		   (('a' <= (c) && (c) <= 'i') 		     || ('j' <= (c) && (c) <= 'r') 		     || ('s' <= (c) && (c) <= 'z'))
| # define TOUPPER(c) (ISLOWER(c) ? ((c) | 0x40) : (c))
| #endif
| 
| #define XOR(e, f) (((e) && !(f)) || (!(e) && (f)))
| int
| main ()
| {
|   int i;
|   for (i = 0; i < 256; i++)
|     if (XOR (islower (i), ISLOWER (i))
| 	|| toupper (i) != TOUPPER (i))
|       exit(2);
|   exit (0);
| }
configure:4684: result: no
configure:4708: checking for sys/types.h
configure:4724: gcc -c -O2 -pipe  conftest.c >&5
configure:4730: $? = 0
configure:4734: test -z 
			 || test ! -s conftest.err
configure:4737: $? = 0
configure:4740: test -s conftest.o
configure:4743: $? = 0
configure:4754: result: yes
configure:4708: checking for sys/stat.h
configure:4724: gcc -c -O2 -pipe  conftest.c >&5
configure:4730: $? = 0
configure:4734: test -z 
			 || test ! -s conftest.err
configure:4737: $? = 0
configure:4740: test -s conftest.o
configure:4743: $? = 0
configure:4754: result: yes
configure:4708: checking for stdlib.h
configure:4724: gcc -c -O2 -pipe  conftest.c >&5
configure:4730: $? = 0
configure:4734: test -z 
			 || test ! -s conftest.err
configure:4737: $? = 0
configure:4740: test -s conftest.o
configure:4743: $? = 0
configure:4754: result: yes
configure:4708: checking for string.h
configure:4724: gcc -c -O2 -pipe  conftest.c >&5
configure:4730: $? = 0
configure:4734: test -z 
			 || test ! -s conftest.err
configure:4737: $? = 0
configure:4740: test -s conftest.o
configure:4743: $? = 0
configure:4754: result: yes
configure:4708: checking for memory.h
configure:4724: gcc -c -O2 -pipe  conftest.c >&5
configure:4730: $? = 0
configure:4734: test -z 
			 || test ! -s conftest.err
configure:4737: $? = 0
configure:4740: test -s conftest.o
configure:4743: $? = 0
configure:4754: result: yes
configure:4708: checking for strings.h
configure:4724: gcc -c -O2 -pipe  conftest.c >&5
configure:4730: $? = 0
configure:4734: test -z 
			 || test ! -s conftest.err
configure:4737: $? = 0
configure:4740: test -s conftest.o
configure:4743: $? = 0
configure:4754: result: yes
configure:4708: checking for inttypes.h
configure:4724: gcc -c -O2 -pipe  conftest.c >&5
configure:4730: $? = 0
configure:4734: test -z 
			 || test ! -s conftest.err
configure:4737: $? = 0
configure:4740: test -s conftest.o
configure:4743: $? = 0
configure:4754: result: yes
configure:4708: checking for stdint.h
configure:4724: gcc -c -O2 -pipe  conftest.c >&5
configure:4730: $? = 0
configure:4734: test -z 
			 || test ! -s conftest.err
configure:4737: $? = 0
configure:4740: test -s conftest.o
configure:4743: $? = 0
configure:4754: result: yes
configure:4708: checking for unistd.h
configure:4724: gcc -c -O2 -pipe  conftest.c >&5
configure:4730: $? = 0
configure:4734: test -z 
			 || test ! -s conftest.err
configure:4737: $? = 0
configure:4740: test -s conftest.o
configure:4743: $? = 0
configure:4754: result: yes
configure:4780: checking dlfcn.h usability
configure:4792: gcc -c -O2 -pipe  conftest.c >&5
configure:4798: $? = 0
configure:4802: test -z 
			 || test ! -s conftest.err
configure:4805: $? = 0
configure:4808: test -s conftest.o
configure:4811: $? = 0
configure:4821: result: yes
configure:4825: checking dlfcn.h presence
configure:4835: gcc -E  conftest.c
configure:4841: $? = 0
configure:4861: result: yes
configure:4896: checking for dlfcn.h
configure:4903: result: yes
configure:4968: checking for g++
configure:4984: found /usr/bin/g++
configure:4994: result: g++
configure:5010: checking for C++ compiler version
configure:5013: g++ --version </dev/null >&5
Apple clang version 17.0.0 (clang-1700.6.3.2)
Target: arm64-apple-darwin25.2.0
Thread model: posix
InstalledDir: /Applications/Xcode.app/Contents/Developer/Toolchains/XcodeDefault.xctoolchain/usr/bin
configure:5016: $? = 0
configure:5018: g++ -v </dev/null >&5
Apple clang version 17.0.0 (clang-1700.6.3.2)
Target: arm64-apple-darwin25.2.0
Thread model: posix
InstalledDir: /Applications/Xcode.app/Contents/Developer/Toolchains/XcodeDefault.xctoolchain/usr/bin
configure:5021: $? = 0
configure:5023: g++ -V </dev/null >&5
clang++: error: argument to '-V' is missing (expected 1 value)
clang++: error: no input files
configure:5026: $? = 1
configure:5029: checking whether we are using the GNU C++ compiler
configure:5053: g++ -c   conftest.cc >&5
configure:5059: $? = 0
configure:5063: test -z 
			 || test ! -s conftest.err
configure:5066: $? = 0
configure:5069: test -s conftest.o
configure:5072: $? = 0
configure:5085: result: yes
configure:5091: checking whether g++ accepts -g
configure:5112: g++ -c -g  conftest.cc >&5
configure:5118: $? = 0
configure:5122: test -z 
			 || test ! -s conftest.err
configure:5125: $? = 0
configure:5128: test -s conftest.o
configure:5131: $? = 0
configure:5142: result: yes
configure:5184: g++ -c -g -O2  conftest.cc >&5
configure:5190: $? = 0
configure:5194: test -z 
			 || test ! -s conftest.err
configure:5197: $? = 0
configure:5200: test -s conftest.o
configure:5203: $? = 0
configure:5229: g++ -c -g -O2  conftest.cc >&5
conftest.cc:23:1: error: use of undeclared identifier 'exit'
   23 | exit (42);
      | ^
1 error generated.
configure:5235: $? = 1
configure: failed program was:
| /* confdefs.h.  */
| 
| #define PACKAGE_NAME ""
| #define PACKAGE_TARNAME ""
| #define PACKAGE_VERSION ""
| #define PACKAGE_STRING ""
| #define PACKAGE_BUGREPORT ""
| #define HAVE_SYS_TYPES_H 1
| #define HAVE_SYS_STAT_H 1
| #define HAVE_STDLIB_H 1
| #define HAVE_STRING_H 1
| #define HAVE_MEMORY_H 1
| #define HAVE_STRINGS_H 1
| #define HAVE_INTTYPES_H 1
| #define HAVE_STDINT_H 1
| #define HAVE_UNISTD_H 1
| #define HAVE_DLFCN_H 1
| /* end confdefs.h.  */
| 
| int
| main ()
| {
| exit (42);
|   ;
|   return 0;
| }
configure:5184: g++ -c -g -O2  conftest.cc >&5
conftest.cc:19:17: error: use of undeclared identifier 'std'
   19 | extern "C" void std::exit (int) throw (); using std::exit;
      |                 ^
conftest.cc:19:49: error: use of undeclared identifier 'std'
   19 | extern "C" void std::exit (int) throw (); using std::exit;
      |                                                 ^
2 errors generated.
configure:5190: $? = 1
configure: failed program was:
| /* confdefs.h.  */
| 
| #define PACKAGE_NAME ""
| #define PACKAGE_TARNAME ""
| #define PACKAGE_VERSION ""
| #define PACKAGE_STRING ""
| #define PACKAGE_BUGREPORT ""
| #define HAVE_SYS_TYPES_H 1
| #define HAVE_SYS_STAT_H 1
| #define HAVE_STDLIB_H 1
| #define HAVE_STRING_H 1
| #define HAVE_MEMORY_H 1
| #define HAVE_STRINGS_H 1
| #define HAVE_INTTYPES_H 1
| #define HAVE_STDINT_H 1
| #define HAVE_UNISTD_H 1
| #define HAVE_DLFCN_H 1
| /* end confdefs.h.  */
| extern "C" void std::exit (int) throw (); using std::exit;
| #include <stdlib.h>
| int
| main ()
| {
| exit (42);
|   ;
|   return 0;
| }
configure:5184: g++ -c -g -O2  conftest.cc >&5
conftest.cc:19:17: error: use of undeclared identifier 'std'
   19 | extern "C" void std::exit (int); using std::exit;
      |                 ^
conftest.cc:19:40: error: use of undeclared identifier 'std'
   19 | extern "C" void std::exit (int); using std::exit;
      |                                        ^
2 errors generated.
configure:5190: $? = 1
configure: failed program was:
| /* confdefs.h.  */
| 
| #define PACKAGE_NAME ""
| #define PACKAGE_TARNAME ""
| #define PACKAGE_VERSION ""
| #define PACKAGE_STRING ""
| #define PACKAGE_BUGREPORT ""
| #define HAVE_SYS_TYPES_H 1
| #define HAVE_SYS_STAT_H 1
| #define HAVE_STDLIB_H 1
| #define HAVE_STRING_H 1
| #define HAVE_MEMORY_H 1
| #define HAVE_STRINGS_H 1
| #define HAVE_INTTYPES_H 1
| #define HAVE_STDINT_H 1
| #define HAVE_UNISTD_H 1
| #define HAVE_DLFCN_H 1
| /* end confdefs.h.  */
| extern "C" void std::exit (int); using std::exit;
| #include <stdlib.h>
| int
| main ()
| {
| exit (42);
|   ;
|   return 0;
| }
configure:5184: g++ -c -g -O2  conftest.cc >&5
In file included from conftest.cc:20:
In file included from /Applications/Xcode.app/Contents/Developer/Platforms/MacOSX.platform/Developer/SDKs/MacOSX.sdk/usr/include/c++/v1/stdlib.h:89:
In file included from /Applications/Xcode.app/Contents/Developer/Platforms/MacOSX.platform/Developer/SDKs/MacOSX.sdk/usr/include/stdlib.h:58:
/Applications/Xcode.app/Contents/Developer/Platforms/MacOSX.platform/Developer/SDKs/MacOSX.sdk/usr/include/_stdlib.h:165:7: error: 'exit' is missing exception specification 'throw()'
  165 | void     exit(int) __dead2;
      |          ^
conftest.cc:19:17: note: previous declaration is here
   19 | extern "C" void exit (int) throw ();
      |                 ^
1 error generated.
configure:5190: $? = 1
configure: failed program was:
| /* confdefs.h.  */
| 
| #define PACKAGE_NAME ""
| #define PACKAGE_TARNAME ""
| #define PACKAGE_VERSION ""
| #define PACKAGE_STRING ""
| #define PACKAGE_BUGREPORT ""
| #define HAVE_SYS_TYPES_H 1
| #define HAVE_SYS_STAT_H 1
| #define HAVE_STDLIB_H 1
| #define HAVE_STRING_H 1
| #define HAVE_MEMORY_H 1
| #define HAVE_STRINGS_H 1
| #define HAVE_INTTYPES_H 1
| #define HAVE_STDINT_H 1
| #define HAVE_UNISTD_H 1
| #define HAVE_DLFCN_H 1
| /* end confdefs.h.  */
| extern "C" void exit (int) throw ();
| #include <stdlib.h>
| int
| main ()
| {
| exit (42);
|   ;
|   return 0;
| }
configure:5184: g++ -c -g -O2  conftest.cc >&5
configure:5190: $? = 0
configure:5194: test -z 
			 || test ! -s conftest.err
configure:5197: $? = 0
configure:5200: test -s conftest.o
configure:5203: $? = 0
configure:5229: g++ -c -g -O2  conftest.cc >&5
configure:5235: $? = 0
configure:5239: test -z 
			 || test ! -s conftest.err
configure:5242: $? = 0
configure:5245: test -s conftest.o
configure:5248: $? = 0
configure:5281: checking how to run the C++ preprocessor
configure:5312: g++ -E  conftest.cc
configure:5318: $? = 0
configure:5350: g++ -E  conftest.cc
conftest.cc:22:10: fatal error: 'ac_nonexistent.h' file not found
   22 | #include <ac_nonexistent.h>
      |          ^~~~~~~~~~~~~~~~~~
1 error generated.
configure:5356: $? = 1
configure: failed program was:
| /* confdefs.h.  */
| 
| #define PACKAGE_NAME ""
| #define PACKAGE_TARNAME ""
| #define PACKAGE_VERSION ""
| #define PACKAGE_STRING ""
| #define PACKAGE_BUGREPORT ""
| #define HAVE_SYS_TYPES_H 1
| #define HAVE_SYS_STAT_H 1
| #define HAVE_STDLIB_H 1
| #define HAVE_STRING_H 1
| #define HAVE_MEMORY_H 1
| #define HAVE_STRINGS_H 1
| #define HAVE_INTTYPES_H 1
| #define HAVE_STDINT_H 1
| #define HAVE_UNISTD_H 1
| #define HAVE_DLFCN_H 1
| #ifdef __cplusplus
| extern "C" void exit (int);
| #endif
| /* end confdefs.h.  */
| #include <ac_nonexistent.h>
configure:5395: result: g++ -E
configure:5419: g++ -E  conftest.cc
configure:5425: $? = 0
configure:5457: g++ -E  conftest.cc
conftest.cc:22:10: fatal error: 'ac_nonexistent.h' file not found
   22 | #include <ac_nonexistent.h>
      |          ^~~~~~~~~~~~~~~~~~
1 error generated.
configure:5463: $? = 1
configure: failed program was:
| /* confdefs.h.  */
| 
| #define PACKAGE_NAME ""
| #define PACKAGE_TARNAME ""
| #define PACKAGE_VERSION ""
| #define PACKAGE_STRING ""
| #define PACKAGE_BUGREPORT ""
| #define HAVE_SYS_TYPES_H 1
| #define HAVE_SYS_STAT_H 1
| #define HAVE_STDLIB_H 1
| #define HAVE_STRING_H 1
| #define HAVE_MEMORY_H 1
| #define HAVE_STRINGS_H 1
| #define HAVE_INTTYPES_H 1
| #define HAVE_STDINT_H 1
| #define HAVE_UNISTD_H 1
| #define HAVE_DLFCN_H 1
| #ifdef __cplusplus
| extern "C" void exit (int);
| #endif
| /* end confdefs.h.  */
| #include <ac_nonexistent.h>
configure:5560: checking for g77
configure:5589: result: no
configure:5560: checking for f77
configure:5589: result: no
configure:5560: checking for xlf
configure:5589: result: no
configure:5560: checking for frt
configure:5589: result: no
configure:5560: checking for pgf77
configure:5589: result: no
configure:5560: checking for fort77
configure:5589: result: no
configure:5560: checking for fl32
configure:5589: result: no
configure:5560: checking for af77
configure:5589: result: no
configure:5560: checking for f90
configure:5589: result: no
configure:5560: checking for xlf90
configure:5589: result: no
configure:5560: checking for pgf90
configure:5589: result: no
configure:5560: checking for epcf90
configure:5589: result: no
configure:5560: checking for f95
configure:5589: result: no
configure:5560: checking for fort
configure:5589: result: no
configure:5560: checking for xlf95
configure:5589: result: no
configure:5560: checking for ifc
configure:5589: result: no
configure:5560: checking for efc
configure:5589: result: no
configure:5560: checking for pgf95
configure:5589: result: no
configure:5560: checking for lf95
configure:5589: result: no
configure:5560: checking for gfortran
configure:5576: found /opt/homebrew/bin/gfortran
configure:5586: result: gfortran
configure:5601: checking for Fortran 77 compiler version
configure:5604: gfortran --version </dev/null >&5
GNU Fortran (Homebrew GCC 15.2.0) 15.2.0
Copyright (C) 2025 Free Software Foundation, Inc.
This is free software; see the source for copying conditions.  There is NO
warranty; not even for MERCHANTABILITY or FITNESS FOR A PARTICULAR PURPOSE.

configure:5607: $? = 0
configure:5609: gfortran -v </dev/null >&5
Using built-in specs.
COLLECT_GCC=gfortran
COLLECT_LTO_WRAPPER=/opt/homebrew/Cellar/gcc/15.2.0/bin/../libexec/gcc/aarch64-apple-darwin24/15/lto-wrapper
Target: aarch64-apple-darwin24
Configured with: ../configure --prefix=/opt/homebrew/opt/gcc --libdir=/opt/homebrew/opt/gcc/lib/gcc/current --disable-nls --enable-checking=release --with-gcc-major-version-only --enable-languages=c,c++,objc,obj-c++,fortran --program-suffix=-15 --with-gmp=/opt/homebrew/opt/gmp --with-mpfr=/opt/homebrew/opt/mpfr --with-mpc=/opt/homebrew/opt/libmpc --with-isl=/opt/homebrew/opt/isl --with-zstd=/opt/homebrew/opt/zstd --with-pkgversion='Homebrew GCC 15.2.0' --with-bugurl=https://github.com/Homebrew/homebrew-core/issues --with-system-zlib --build=aarch64-apple-darwin24 --with-sysroot=/Library/Developer/CommandLineTools/SDKs/MacOSX15.sdk
Thread model: posix
Supported LTO compression algorithms: zlib zstd
gcc version 15.2.0 (Homebrew GCC 15.2.0) 
configure:5612: $? = 0
configure:5614: gfortran -V </dev/null >&5
gfortran: error: unrecognized command-line option '-V'
gfortran: fatal error: no input files
compilation terminated.
configure:5617: $? = 1
configure:5625: checking whether we are using the GNU Fortran 77 compiler
configure:5639: gfortran -c  conftest.F >&5
configure:5645: $? = 0
configure:5649: test -z 
			 || test ! -s conftest.err
configure:5652: $? = 0
configure:5655: test -s conftest.o
configure:5658: $? = 0
configure:5671: result: yes
configure:5677: checking whether gfortran accepts -g
configure:5689: gfortran -c -g conftest.f >&5
configure:5695: $? = 0
configure:5699: test -z 
			 || test ! -s conftest.err
configure:5702: $? = 0
configure:5705: test -s conftest.o
configure:5708: $? = 0
configure:5720: result: yes
configure:5750: checking the maximum length of command line arguments
configure:5859: result: 786432
configure:5870: checking command to parse /usr/bin/nm -B output from gcc object
configure:5975: gcc -c -O2 -pipe  conftest.c >&5
configure:5978: $? = 0
configure:5982: /usr/bin/nm -B conftest.o \| sed -n -e 's/^.*[ 	]\([ABCDGIRSTW][ABCDGIRSTW]*\)[ 	][ 	]*\([_A-Za-z][_A-Za-z0-9]*\)$/\1 \2 \2/p' \> conftest.nm
configure:5985: $? = 0
cannot find nm_test_var in conftest.nm
configure:5975: gcc -c -O2 -pipe  conftest.c >&5
configure:5978: $? = 0
configure:5982: /usr/bin/nm -B conftest.o \| sed -n -e 's/^.*[ 	]\([ABCDGIRSTW][ABCDGIRSTW]*\)[ 	][ 	]*_\([_A-Za-z][_A-Za-z0-9]*\)$/\1 _\2 \2/p' \> conftest.nm
configure:5985: $? = 0
configure:6037: gcc -o conftest -O2 -pipe   conftest.c conftstm.o >&5
configure:6040: $? = 0
configure:6078: result: ok
configure:6082: checking for objdir
configure:6097: result: .libs
configure:6187: checking for ar
configure:6203: found /usr/bin/ar
configure:6214: result: ar
configure:6267: checking for ranlib
configure:6283: found /usr/bin/ranlib
configure:6294: result: ranlib
configure:6347: checking for strip
configure:6363: found /usr/bin/strip
configure:6374: result: strip
configure:6650: checking if gcc supports -fno-rtti -fno-exceptions
configure:6668: gcc -c -O2 -pipe  -fno-rtti -fno-exceptions conftest.c >&5
configure:6672: $? = 0
configure:6685: result: yes
configure:6700: checking for gcc option to produce PIC
configure:6910: result: -fno-common
configure:6918: checking if gcc PIC flag -fno-common works
configure:6936: gcc -c -O2 -pipe  -fno-common -DPIC conftest.c >&5
configure:6940: $? = 0
configure:6953: result: yes
configure:6981: checking if gcc static flag -static works
configure:7009: result: no
configure:7019: checking if gcc supports -c -o file.o
configure:7040: gcc -c -O2 -pipe  -o out/conftest2.o conftest.c >&5
configure:7044: $? = 0
configure:7066: result: yes
configure:7092: checking whether the gcc linker (/Applications/Xcode.app/Contents/Developer/Toolchains/XcodeDefault.xctoolchain/usr/bin/ld) supports shared libraries
configure:8050: result: yes
configure:8117: checking dynamic linker characteristics
configure:8705: result: darwin25.2.0 dyld
configure:8714: checking how to hardcode library paths into programs
configure:8739: result: immediate
configure:8753: checking whether stripping libraries is possible
configure:8766: result: yes
configure:9592: checking if libtool supports shared libraries
configure:9594: result: yes
configure:9597: checking whether to build shared libraries
configure:9618: result: yes
configure:9621: checking whether to build static libraries
configure:9625: result: yes
configure:9717: creating libtool
configure:10305: checking for ld used by g++
configure:10372: result: /Applications/Xcode.app/Contents/Developer/Toolchains/XcodeDefault.xctoolchain/usr/bin/ld
configure:10381: checking if the linker (/Applications/Xcode.app/Contents/Developer/Toolchains/XcodeDefault.xctoolchain/usr/bin/ld) is GNU ld
configure:10396: result: no
configure:10447: checking whether the g++ linker (/Applications/Xcode.app/Contents/Developer/Toolchains/XcodeDefault.xctoolchain/usr/bin/ld) supports shared libraries
configure:11385: result: yes
configure:11407: g++ -c -g -O2  conftest.cpp >&5
configure:11410: $? = 0
configure:11529: checking for g++ option to produce PIC
configure:11803: result: -fno-common
configure:11811: checking if g++ PIC flag -fno-common works
configure:11829: g++ -c -g -O2  -fno-common -DPIC conftest.cpp >&5
configure:11833: $? = 0
configure:11846: result: yes
configure:11874: checking if g++ static flag -static works
configure:11902: result: no
configure:11912: checking if g++ supports -c -o file.o
configure:11933: g++ -c -g -O2  -o out/conftest2.o conftest.cpp >&5
configure:11937: $? = 0
configure:11959: result: yes
configure:11985: checking whether the g++ linker (/Applications/Xcode.app/Contents/Developer/Toolchains/XcodeDefault.xctoolchain/usr/bin/ld) supports shared libraries
configure:12010: result: yes
configure:12077: checking dynamic linker characteristics
configure:12665: result: darwin25.2.0 dyld
configure:12674: checking how to hardcode library paths into programs
configure:12699: result: immediate
configure:13225: checking if libtool supports shared libraries
configure:13227: result: yes
configure:13230: checking whether to build shared libraries
configure:13250: result: yes
configure:13253: checking whether to build static libraries
configure:13257: result: yes
configure:13267: checking for gfortran option to produce PIC
configure:13477: result: -fno-common
configure:13485: checking if gfortran PIC flag -fno-common works
configure:13503: gfortran -c -g -O2 -fno-common conftest.f >&5
configure:13507: $? = 0
configure:13520: result: yes
configure:13548: checking if gfortran static flag -static works
configure:13576: result: no
configure:13586: checking if gfortran supports -c -o file.o
configure:13607: gfortran -c -g -O2 -o out/conftest2.o conftest.f >&5
configure:13611: $? = 0
configure:13633: result: yes
configure:13659: checking whether the gfortran linker (/Applications/Xcode.app/Contents/Developer/Toolchains/XcodeDefault.xctoolchain/usr/bin/ld) supports shared libraries
configure:14597: result: yes
configure:14664: checking dynamic linker characteristics
configure:15252: result: darwin25.2.0 dyld
configure:15261: checking how to hardcode library paths into programs
configure:15286: result: immediate
configure:19023: result: 
configure:19025: result: [1mMandatory Platform Environment:[m
configure:19030: checking for ANSI C header files
configure:19186: result: no
configure:19223: checking stdio.h usability
configure:19235: gcc -c -O2 -pipe  conftest.c >&5
configure:19241: $? = 0
configure:19245: test -z 
			 || test ! -s conftest.err
configure:19248: $? = 0
configure:19251: test -s conftest.o
configure:19254: $? = 0
configure:19264: result: yes
configure:19268: checking stdio.h presence
configure:19278: gcc -E  conftest.c
configure:19284: $? = 0
configure:19304: result: yes
configure:19339: checking for stdio.h
configure:19346: result: yes
configure:19214: checking for stdlib.h
configure:19219: result: yes
configure:19223: checking stdarg.h usability
configure:19235: gcc -c -O2 -pipe  conftest.c >&5
configure:19241: $? = 0
configure:19245: test -z 
			 || test ! -s conftest.err
configure:19248: $? = 0
configure:19251: test -s conftest.o
configure:19254: $? = 0
configure:19264: result: yes
configure:19268: checking stdarg.h presence
configure:19278: gcc -E  conftest.c
configure:19284: $? = 0
configure:19304: result: yes
configure:19339: checking for stdarg.h
configure:19346: result: yes
configure:19214: checking for string.h
configure:19219: result: yes
configure:19223: checking signal.h usability
configure:19235: gcc -c -O2 -pipe  conftest.c >&5
configure:19241: $? = 0
configure:19245: test -z 
			 || test ! -s conftest.err
configure:19248: $? = 0
configure:19251: test -s conftest.o
configure:19254: $? = 0
configure:19264: result: yes
configure:19268: checking signal.h presence
configure:19278: gcc -E  conftest.c
configure:19284: $? = 0
configure:19304: result: yes
configure:19339: checking for signal.h
configure:19346: result: yes
configure:19214: checking for unistd.h
configure:19219: result: yes
configure:19223: checking setjmp.h usability
configure:19235: gcc -c -O2 -pipe  conftest.c >&5
configure:19241: $? = 0
configure:19245: test -z 
			 || test ! -s conftest.err
configure:19248: $? = 0
configure:19251: test -s conftest.o
configure:19254: $? = 0
configure:19264: result: yes
configure:19268: checking setjmp.h presence
configure:19278: gcc -E  conftest.c
configure:19284: $? = 0
configure:19304: result: yes
configure:19339: checking for setjmp.h
configure:19346: result: yes
configure:19223: checking fcntl.h usability
configure:19235: gcc -c -O2 -pipe  conftest.c >&5
configure:19241: $? = 0
configure:19245: test -z 
			 || test ! -s conftest.err
configure:19248: $? = 0
configure:19251: test -s conftest.o
configure:19254: $? = 0
configure:19264: result: yes
configure:19268: checking fcntl.h presence
configure:19278: gcc -E  conftest.c
configure:19284: $? = 0
configure:19304: result: yes
configure:19339: checking for fcntl.h
configure:19346: result: yes
configure:19223: checking errno.h usability
configure:19235: gcc -c -O2 -pipe  conftest.c >&5
configure:19241: $? = 0
configure:19245: test -z 
			 || test ! -s conftest.err
configure:19248: $? = 0
configure:19251: test -s conftest.o
configure:19254: $? = 0
configure:19264: result: yes
configure:19268: checking errno.h presence
configure:19278: gcc -E  conftest.c
configure:19284: $? = 0
configure:19304: result: yes
configure:19339: checking for errno.h
configure:19346: result: yes
configure:19214: checking for sys/types.h
configure:19219: result: yes
configure:19223: checking sys/time.h usability
configure:19235: gcc -c -O2 -pipe  conftest.c >&5
configure:19241: $? = 0
configure:19245: test -z 
			 || test ! -s conftest.err
configure:19248: $? = 0
configure:19251: test -s conftest.o
configure:19254: $? = 0
configure:19264: result: yes
configure:19268: checking sys/time.h presence
configure:19278: gcc -E  conftest.c
configure:19284: $? = 0
configure:19304: result: yes
configure:19339: checking for sys/time.h
configure:19346: result: yes
configure:19223: checking sys/wait.h usability
configure:19235: gcc -c -O2 -pipe  conftest.c >&5
configure:19241: $? = 0
configure:19245: test -z 
			 || test ! -s conftest.err
configure:19248: $? = 0
configure:19251: test -s conftest.o
configure:19254: $? = 0
configure:19264: result: yes
configure:19268: checking sys/wait.h presence
configure:19278: gcc -E  conftest.c
configure:19284: $? = 0
configure:19304: result: yes
configure:19339: checking for sys/wait.h
configure:19346: result: yes
configure:19214: checking for sys/stat.h
configure:19219: result: yes
configure:19223: checking sys/socket.h usability
configure:19235: gcc -c -O2 -pipe  conftest.c >&5
configure:19241: $? = 0
configure:19245: test -z 
			 || test ! -s conftest.err
configure:19248: $? = 0
configure:19251: test -s conftest.o
configure:19254: $? = 0
configure:19264: result: yes
configure:19268: checking sys/socket.h presence
configure:19278: gcc -E  conftest.c
configure:19284: $? = 0
configure:19304: result: yes
configure:19339: checking for sys/socket.h
configure:19346: result: yes
configure:19368: checking for gettimeofday
configure:19425: gcc -o conftest -O2 -pipe   conftest.c  >&5
configure:19431: $? = 0
configure:19435: test -z 
			 || test ! -s conftest.err
configure:19438: $? = 0
configure:19441: test -s conftest
configure:19444: $? = 0
configure:19456: result: yes
configure:19368: checking for select
configure:19425: gcc -o conftest -O2 -pipe   conftest.c  >&5
configure:19431: $? = 0
configure:19435: test -z 
			 || test ! -s conftest.err
configure:19438: $? = 0
configure:19441: test -s conftest
configure:19444: $? = 0
configure:19456: result: yes
configure:19368: checking for sigaction
configure:19425: gcc -o conftest -O2 -pipe   conftest.c  >&5
configure:19431: $? = 0
configure:19435: test -z 
			 || test ! -s conftest.err
configure:19438: $? = 0
configure:19441: test -s conftest
configure:19444: $? = 0
configure:19456: result: yes
configure:19368: checking for sigprocmask
configure:19425: gcc -o conftest -O2 -pipe   conftest.c  >&5
configure:19431: $? = 0
configure:19435: test -z 
			 || test ! -s conftest.err
configure:19438: $? = 0
configure:19441: test -s conftest
configure:19444: $? = 0
configure:19456: result: yes
configure:19368: checking for sigpending
configure:19425: gcc -o conftest -O2 -pipe   conftest.c  >&5
configure:19431: $? = 0
configure:19435: test -z 
			 || test ! -s conftest.err
configure:19438: $? = 0
configure:19441: test -s conftest
configure:19444: $? = 0
configure:19456: result: yes
configure:19368: checking for sigsuspend
configure:19425: gcc -o conftest -O2 -pipe   conftest.c  >&5
configure:19431: $? = 0
configure:19435: test -z 
			 || test ! -s conftest.err
configure:19438: $? = 0
configure:19441: test -s conftest
configure:19444: $? = 0
configure:19456: result: yes
configure:19515: result: decision on mandatory system headers and functions... [1mall fine[m
configure:19523: result: 
configure:19525: result: [1mOptional Platform Environment:[m
configure:19530: checking for number of signals
configure:19572: gcc -o conftest -O2 -pipe   conftest.c  >&5
conftest.c:62:9: error: call to undeclared library function 'exit' with type 'void (int) __attribute__((noreturn))'; ISO C99 and later do not support implicit function declarations [-Wimplicit-function-declaration]
   62 |         exit(1);
      |         ^
conftest.c:62:9: note: include the header <stdlib.h> or explicitly provide a declaration for 'exit'
1 error generated.
configure:19575: $? = 1
configure: program exited with status 1
configure: failed program was:
| /* confdefs.h.  */
| 
| #define PACKAGE_NAME ""
| #define PACKAGE_TARNAME ""
| #define PACKAGE_VERSION ""
| #define PACKAGE_STRING ""
| #define PACKAGE_BUGREPORT ""
| #define HAVE_SYS_TYPES_H 1
| #define HAVE_SYS_STAT_H 1
| #define HAVE_STDLIB_H 1
| #define HAVE_STRING_H 1
| #define HAVE_MEMORY_H 1
| #define HAVE_STRINGS_H 1
| #define HAVE_INTTYPES_H 1
| #define HAVE_STDINT_H 1
| #define HAVE_UNISTD_H 1
| #define HAVE_DLFCN_H 1
| #ifdef __cplusplus
| extern "C" void exit (int);
| #endif
| #define HAVE_STDIO_H 1
| #define HAVE_STDLIB_H 1
| #define HAVE_STDARG_H 1
| #define HAVE_STRING_H 1
| #define HAVE_SIGNAL_H 1
| #define HAVE_UNISTD_H 1
| #define HAVE_SETJMP_H 1
| #define HAVE_FCNTL_H 1
| #define HAVE_ERRNO_H 1
| #define HAVE_SYS_TYPES_H 1
| #define HAVE_SYS_TIME_H 1
| #define HAVE_SYS_WAIT_H 1
| #define HAVE_SYS_STAT_H 1
| #define HAVE_SYS_SOCKET_H 1
| #define HAVE_GETTIMEOFDAY 1
| #define HAVE_SELECT 1
| #define HAVE_SIGACTION 1
| #define HAVE_SIGPROCMASK 1
| #define HAVE_SIGPENDING 1
| #define HAVE_SIGSUSPEND 1
| /* end confdefs.h.  */
| 
| #include <stdio.h>
| #include <sys/types.h>
| #include <signal.h>
| 
| int main(int argc, char *argv[])
| {
|     FILE *fp;
|     int nsig;
| 
| #if defined(NSIG)
|     nsig = NSIG;
| #elif defined(_NSIG)
|     nsig = _NSIG;
| #else
|     nsig = (sizeof(sigset_t)*8);
|     if (nsig < 32)
|         nsig = 32;
| #endif
|     if ((fp = fopen("conftestval", "w")) == NULL)
|         exit(1);
|     fprintf(fp, "%d\n", nsig);
|     fclose(fp);
|     exit(0);
| }
| 
| 
configure:19593: result: 32
configure:19602: checking for default value of FD_SETSIZE
configure:19638: gcc -o conftest -O2 -pipe   conftest.c  >&5
conftest.c:57:9: error: call to undeclared library function 'exit' with type 'void (int) __attribute__((noreturn))'; ISO C99 and later do not support implicit function declarations [-Wimplicit-function-declaration]
   57 |         exit(1);
      |         ^
conftest.c:57:9: note: include the header <stdlib.h> or explicitly provide a declaration for 'exit'
1 error generated.
configure:19641: $? = 1
configure: program exited with status 1
configure: failed program was:
| /* confdefs.h.  */
| 
| #define PACKAGE_NAME ""
| #define PACKAGE_TARNAME ""
| #define PACKAGE_VERSION ""
| #define PACKAGE_STRING ""
| #define PACKAGE_BUGREPORT ""
| #define HAVE_SYS_TYPES_H 1
| #define HAVE_SYS_STAT_H 1
| #define HAVE_STDLIB_H 1
| #define HAVE_STRING_H 1
| #define HAVE_MEMORY_H 1
| #define HAVE_STRINGS_H 1
| #define HAVE_INTTYPES_H 1
| #define HAVE_STDINT_H 1
| #define HAVE_UNISTD_H 1
| #define HAVE_DLFCN_H 1
| #ifdef __cplusplus
| extern "C" void exit (int);
| #endif
| #define HAVE_STDIO_H 1
| #define HAVE_STDLIB_H 1
| #define HAVE_STDARG_H 1
| #define HAVE_STRING_H 1
| #define HAVE_SIGNAL_H 1
| #define HAVE_UNISTD_H 1
| #define HAVE_SETJMP_H 1
| #define HAVE_FCNTL_H 1
| #define HAVE_ERRNO_H 1
| #define HAVE_SYS_TYPES_H 1
| #define HAVE_SYS_TIME_H 1
| #define HAVE_SYS_WAIT_H 1
| #define HAVE_SYS_STAT_H 1
| #define HAVE_SYS_SOCKET_H 1
| #define HAVE_GETTIMEOFDAY 1
| #define HAVE_SELECT 1
| #define HAVE_SIGACTION 1
| #define HAVE_SIGPROCMASK 1
| #define HAVE_SIGPENDING 1
| #define HAVE_SIGSUSPEND 1
| #define PTH_NSIG 32
| /* end confdefs.h.  */
| 
| #include <stdio.h>
| #include <sys/types.h>
| #include <unistd.h>
| int main(int argc, char *argv[])
| {
|     FILE *fp;
|     int ac_fdsetsize;
| #if defined(FD_SETSIZE)
|     ac_fdsetsize = FD_SETSIZE;
| #else
|     ac_fdsetsize = (sizeof(fd_set)*8);
| #endif
|     if ((fp = fopen("conftestval", "w")) == NULL)
|         exit(1);
|     fprintf(fp, "%d\n", ac_fdsetsize);
|     fclose(fp);
|     exit(0);
| }
| 
| 
configure:19659: result: 1024
configure:19689: checking for poll
configure:19746: gcc -o conftest -O2 -pipe   conftest.c  >&5
configure:19752: $? = 0
configure:19756: test -z 
			 || test ! -s conftest.err
configure:19759: $? = 0
configure:19762: test -s conftest
configure:19765: $? = 0
configure:19777: result: yes
configure:19787: checking for define POLLIN in poll.h
configure:19814: result: yes
configure:19824: checking whether poll(2) facility has to be faked
configure:19865: result: no
configure:19882: checking sys/uio.h usability
configure:19894: gcc -c -O2 -pipe  conftest.c >&5
configure:19900: $? = 0
configure:19904: test -z 
			 || test ! -s conftest.err
configure:19907: $? = 0
configure:19910: test -s conftest.o
configure:19913: $? = 0
configure:19923: result: yes
configure:19927: checking sys/uio.h presence
configure:19937: gcc -E  conftest.c
configure:19943: $? = 0
configure:19963: result: yes
configure:19998: checking for sys/uio.h
configure:20005: result: yes
configure:20023: checking for readv
configure:20080: gcc -o conftest -O2 -pipe   conftest.c  >&5
configure:20086: $? = 0
configure:20090: test -z 
			 || test ! -s conftest.err
configure:20093: $? = 0
configure:20096: test -s conftest
configure:20099: $? = 0
configure:20111: result: yes
configure:20023: checking for writev
configure:20080: gcc -o conftest -O2 -pipe   conftest.c  >&5
configure:20086: $? = 0
configure:20090: test -z 
			 || test ! -s conftest.err
configure:20093: $? = 0
configure:20096: test -s conftest
configure:20099: $? = 0
configure:20111: result: yes
configure:20121: checking whether readv(2)/writev(2) facility has to be faked
configure:20162: result: no
configure:20170: checking for usleep
configure:20227: gcc -o conftest -O2 -pipe   conftest.c  >&5
configure:20233: $? = 0
configure:20237: test -z 
			 || test ! -s conftest.err
configure:20240: $? = 0
configure:20243: test -s conftest
configure:20246: $? = 0
configure:20258: result: yes
configure:20170: checking for strerror
configure:20227: gcc -o conftest -O2 -pipe   conftest.c  >&5
conftest.c:73:6: warning: incompatible redeclaration of library function 'strerror' [-Wincompatible-library-redeclaration]
   73 | char strerror ();
      |      ^
conftest.c:73:6: note: 'strerror' is a builtin with type 'char *(int)'
1 warning generated.
configure:20233: $? = 0
configure:20237: test -z 
			 || test ! -s conftest.err
configure:20240: $? = 0
configure:20243: test -s conftest
configure:20246: $? = 0
configure:20258: result: yes
configure:20285: checking sys/resource.h usability
configure:20297: gcc -c -O2 -pipe  conftest.c >&5
configure:20303: $? = 0
configure:20307: test -z 
			 || test ! -s conftest.err
configure:20310: $? = 0
configure:20313: test -s conftest.o
configure:20316: $? = 0
configure:20326: result: yes
configure:20330: checking sys/resource.h presence
configure:20340: gcc -E  conftest.c
configure:20346: $? = 0
configure:20366: result: yes
configure:20401: checking for sys/resource.h
configure:20408: result: yes
configure:20285: checking net/errno.h usability
configure:20297: gcc -c -O2 -pipe  conftest.c >&5
conftest.c:85:10: fatal error: 'net/errno.h' file not found
   85 | #include <net/errno.h>
      |          ^~~~~~~~~~~~~
1 error generated.
configure:20303: $? = 1
configure: failed program was:
| /* confdefs.h.  */
| 
| #define PACKAGE_NAME ""
| #define PACKAGE_TARNAME ""
| #define PACKAGE_VERSION ""
| #define PACKAGE_STRING ""
| #define PACKAGE_BUGREPORT ""
| #define HAVE_SYS_TYPES_H 1
| #define HAVE_SYS_STAT_H 1
| #define HAVE_STDLIB_H 1
| #define HAVE_STRING_H 1
| #define HAVE_MEMORY_H 1
| #define HAVE_STRINGS_H 1
| #define HAVE_INTTYPES_H 1
| #define HAVE_STDINT_H 1
| #define HAVE_UNISTD_H 1
| #define HAVE_DLFCN_H 1
| #ifdef __cplusplus
| extern "C" void exit (int);
| #endif
| #define HAVE_STDIO_H 1
| #define HAVE_STDLIB_H 1
| #define HAVE_STDARG_H 1
| #define HAVE_STRING_H 1
| #define HAVE_SIGNAL_H 1
| #define HAVE_UNISTD_H 1
| #define HAVE_SETJMP_H 1
| #define HAVE_FCNTL_H 1
| #define HAVE_ERRNO_H 1
| #define HAVE_SYS_TYPES_H 1
| #define HAVE_SYS_TIME_H 1
| #define HAVE_SYS_WAIT_H 1
| #define HAVE_SYS_STAT_H 1
| #define HAVE_SYS_SOCKET_H 1
| #define HAVE_GETTIMEOFDAY 1
| #define HAVE_SELECT 1
| #define HAVE_SIGACTION 1
| #define HAVE_SIGPROCMASK 1
| #define HAVE_SIGPENDING 1
| #define HAVE_SIGSUSPEND 1
| #define PTH_NSIG 32
| #define HAVE_POLL 1
| #define HAVE_POLLIN 1
| #define HAVE_SYS_UIO_H 1
| #define HAVE_READV 1
| #define HAVE_WRITEV 1
| #define HAVE_USLEEP 1
| #define HAVE_STRERROR 1
| #define HAVE_SYS_RESOURCE_H 1
| /* end confdefs.h.  */
| #include <stdio.h>
| #if HAVE_SYS_TYPES_H
| # include <sys/types.h>
| #endif
| #if HAVE_SYS_STAT_H
| # include <sys/stat.h>
| #endif
| #if STDC_HEADERS
| # include <stdlib.h>
| # include <stddef.h>
| #else
| # if HAVE_STDLIB_H
| #  include <stdlib.h>
| # endif
| #endif
| #if HAVE_STRING_H
| # if !STDC_HEADERS && HAVE_MEMORY_H
| #  include <memory.h>
| # endif
| # include <string.h>
| #endif
| #if HAVE_STRINGS_H
| # include <strings.h>
| #endif
| #if HAVE_INTTYPES_H
| # include <inttypes.h>
| #else
| # if HAVE_STDINT_H
| #  include <stdint.h>
| # endif
| #endif
| #if HAVE_UNISTD_H
| # include <unistd.h>
| #endif
| #include <net/errno.h>
configure:20326: result: no
configure:20330: checking net/errno.h presence
configure:20340: gcc -E  conftest.c
conftest.c:51:10: fatal error: 'net/errno.h' file not found
   51 | #include <net/errno.h>
      |          ^~~~~~~~~~~~~
1 error generated.
configure:20346: $? = 1
configure: failed program was:
| /* confdefs.h.  */
| 
| #define PACKAGE_NAME ""
| #define PACKAGE_TARNAME ""
| #define PACKAGE_VERSION ""
| #define PACKAGE_STRING ""
| #define PACKAGE_BUGREPORT ""
| #define HAVE_SYS_TYPES_H 1
| #define HAVE_SYS_STAT_H 1
| #define HAVE_STDLIB_H 1
| #define HAVE_STRING_H 1
| #define HAVE_MEMORY_H 1
| #define HAVE_STRINGS_H 1
| #define HAVE_INTTYPES_H 1
| #define HAVE_STDINT_H 1
| #define HAVE_UNISTD_H 1
| #define HAVE_DLFCN_H 1
| #ifdef __cplusplus
| extern "C" void exit (int);
| #endif
| #define HAVE_STDIO_H 1
| #define HAVE_STDLIB_H 1
| #define HAVE_STDARG_H 1
| #define HAVE_STRING_H 1
| #define HAVE_SIGNAL_H 1
| #define HAVE_UNISTD_H 1
| #define HAVE_SETJMP_H 1
| #define HAVE_FCNTL_H 1
| #define HAVE_ERRNO_H 1
| #define HAVE_SYS_TYPES_H 1
| #define HAVE_SYS_TIME_H 1
| #define HAVE_SYS_WAIT_H 1
| #define HAVE_SYS_STAT_H 1
| #define HAVE_SYS_SOCKET_H 1
| #define HAVE_GETTIMEOFDAY 1
| #define HAVE_SELECT 1
| #define HAVE_SIGACTION 1
| #define HAVE_SIGPROCMASK 1
| #define HAVE_SIGPENDING 1
| #define HAVE_SIGSUSPEND 1
| #define PTH_NSIG 32
| #define HAVE_POLL 1
| #define HAVE_POLLIN 1
| #define HAVE_SYS_UIO_H 1
| #define HAVE_READV 1
| #define HAVE_WRITEV 1
| #define HAVE_USLEEP 1
| #define HAVE_STRERROR 1
| #define HAVE_SYS_RESOURCE_H 1
| /* end confdefs.h.  */
| #include <net/errno.h>
configure:20366: result: no
configure:20401: checking for net/errno.h
configure:20408: result: no
configure:20285: checking paths.h usability
configure:20297: gcc -c -O2 -pipe  conftest.c >&5
configure:20303: $? = 0
configure:20307: test -z 
			 || test ! -s conftest.err
configure:20310: $? = 0
configure:20313: test -s conftest.o
configure:20316: $? = 0
configure:20326: result: yes
configure:20330: checking paths.h presence
configure:20340: gcc -E  conftest.c
configure:20346: $? = 0
configure:20366: result: yes
configure:20401: checking for paths.h
configure:20408: result: yes
configure:20423: checking for gethostname in -lnsl
configure:20453: gcc -o conftest -O2 -pipe   conftest.c -lnsl   >&5
ld: library 'nsl' not found
clang: error: linker command failed with exit code 1 (use -v to see invocation)
configure:20459: $? = 1
configure: failed program was:
| /* confdefs.h.  */
| 
| #define PACKAGE_NAME ""
| #define PACKAGE_TARNAME ""
| #define PACKAGE_VERSION ""
| #define PACKAGE_STRING ""
| #define PACKAGE_BUGREPORT ""
| #define HAVE_SYS_TYPES_H 1
| #define HAVE_SYS_STAT_H 1
| #define HAVE_STDLIB_H 1
| #define HAVE_STRING_H 1
| #define HAVE_MEMORY_H 1
| #define HAVE_STRINGS_H 1
| #define HAVE_INTTYPES_H 1
| #define HAVE_STDINT_H 1
| #define HAVE_UNISTD_H 1
| #define HAVE_DLFCN_H 1
| #ifdef __cplusplus
| extern "C" void exit (int);
| #endif
| #define HAVE_STDIO_H 1
| #define HAVE_STDLIB_H 1
| #define HAVE_STDARG_H 1
| #define HAVE_STRING_H 1
| #define HAVE_SIGNAL_H 1
| #define HAVE_UNISTD_H 1
| #define HAVE_SETJMP_H 1
| #define HAVE_FCNTL_H 1
| #define HAVE_ERRNO_H 1
| #define HAVE_SYS_TYPES_H 1
| #define HAVE_SYS_TIME_H 1
| #define HAVE_SYS_WAIT_H 1
| #define HAVE_SYS_STAT_H 1
| #define HAVE_SYS_SOCKET_H 1
| #define HAVE_GETTIMEOFDAY 1
| #define HAVE_SELECT 1
| #define HAVE_SIGACTION 1
| #define HAVE_SIGPROCMASK 1
| #define HAVE_SIGPENDING 1
| #define HAVE_SIGSUSPEND 1
| #define PTH_NSIG 32
| #define HAVE_POLL 1
| #define HAVE_POLLIN 1
| #define HAVE_SYS_UIO_H 1
| #define HAVE_READV 1
| #define HAVE_WRITEV 1
| #define HAVE_USLEEP 1
| #define HAVE_STRERROR 1
| #define HAVE_SYS_RESOURCE_H 1
| #define HAVE_PATHS_H 1
| /* end confdefs.h.  */
| 
| /* Override any gcc2 internal prototype to avoid an error.  */
| #ifdef __cplusplus
| extern "C"
| #endif
| /* We use char because int might match the return type of a gcc2
|    builtin and then its argument prototype would still apply.  */
| char gethostname ();
| int
| main ()
| {
| gethostname ();
|   ;
|   return 0;
| }
configure:20485: result: no
configure:20498: checking for gethostbyname in -lnsl
configure:20528: gcc -o conftest -O2 -pipe   conftest.c -lnsl   >&5
ld: library 'nsl' not found
clang: error: linker command failed with exit code 1 (use -v to see invocation)
configure:20534: $? = 1
configure: failed program was:
| /* confdefs.h.  */
| 
| #define PACKAGE_NAME ""
| #define PACKAGE_TARNAME ""
| #define PACKAGE_VERSION ""
| #define PACKAGE_STRING ""
| #define PACKAGE_BUGREPORT ""
| #define HAVE_SYS_TYPES_H 1
| #define HAVE_SYS_STAT_H 1
| #define HAVE_STDLIB_H 1
| #define HAVE_STRING_H 1
| #define HAVE_MEMORY_H 1
| #define HAVE_STRINGS_H 1
| #define HAVE_INTTYPES_H 1
| #define HAVE_STDINT_H 1
| #define HAVE_UNISTD_H 1
| #define HAVE_DLFCN_H 1
| #ifdef __cplusplus
| extern "C" void exit (int);
| #endif
| #define HAVE_STDIO_H 1
| #define HAVE_STDLIB_H 1
| #define HAVE_STDARG_H 1
| #define HAVE_STRING_H 1
| #define HAVE_SIGNAL_H 1
| #define HAVE_UNISTD_H 1
| #define HAVE_SETJMP_H 1
| #define HAVE_FCNTL_H 1
| #define HAVE_ERRNO_H 1
| #define HAVE_SYS_TYPES_H 1
| #define HAVE_SYS_TIME_H 1
| #define HAVE_SYS_WAIT_H 1
| #define HAVE_SYS_STAT_H 1
| #define HAVE_SYS_SOCKET_H 1
| #define HAVE_GETTIMEOFDAY 1
| #define HAVE_SELECT 1
| #define HAVE_SIGACTION 1
| #define HAVE_SIGPROCMASK 1
| #define HAVE_SIGPENDING 1
| #define HAVE_SIGSUSPEND 1
| #define PTH_NSIG 32
| #define HAVE_POLL 1
| #define HAVE_POLLIN 1
| #define HAVE_SYS_UIO_H 1
| #define HAVE_READV 1
| #define HAVE_WRITEV 1
| #define HAVE_USLEEP 1
| #define HAVE_STRERROR 1
| #define HAVE_SYS_RESOURCE_H 1
| #define HAVE_PATHS_H 1
| /* end confdefs.h.  */
| 
| /* Override any gcc2 internal prototype to avoid an error.  */
| #ifdef __cplusplus
| extern "C"
| #endif
| /* We use char because int might match the return type of a gcc2
|    builtin and then its argument prototype would still apply.  */
| char gethostbyname ();
| int
| main ()
| {
| gethostbyname ();
|   ;
|   return 0;
| }
configure:20560: result: no
configure:20573: checking for accept in -lsocket
configure:20603: gcc -o conftest -O2 -pipe   conftest.c -lsocket   >&5
ld: library 'socket' not found
clang: error: linker command failed with exit code 1 (use -v to see invocation)
configure:20609: $? = 1
configure: failed program was:
| /* confdefs.h.  */
| 
| #define PACKAGE_NAME ""
| #define PACKAGE_TARNAME ""
| #define PACKAGE_VERSION ""
| #define PACKAGE_STRING ""
| #define PACKAGE_BUGREPORT ""
| #define HAVE_SYS_TYPES_H 1
| #define HAVE_SYS_STAT_H 1
| #define HAVE_STDLIB_H 1
| #define HAVE_STRING_H 1
| #define HAVE_MEMORY_H 1
| #define HAVE_STRINGS_H 1
| #define HAVE_INTTYPES_H 1
| #define HAVE_STDINT_H 1
| #define HAVE_UNISTD_H 1
| #define HAVE_DLFCN_H 1
| #ifdef __cplusplus
| extern "C" void exit (int);
| #endif
| #define HAVE_STDIO_H 1
| #define HAVE_STDLIB_H 1
| #define HAVE_STDARG_H 1
| #define HAVE_STRING_H 1
| #define HAVE_SIGNAL_H 1
| #define HAVE_UNISTD_H 1
| #define HAVE_SETJMP_H 1
| #define HAVE_FCNTL_H 1
| #define HAVE_ERRNO_H 1
| #define HAVE_SYS_TYPES_H 1
| #define HAVE_SYS_TIME_H 1
| #define HAVE_SYS_WAIT_H 1
| #define HAVE_SYS_STAT_H 1
| #define HAVE_SYS_SOCKET_H 1
| #define HAVE_GETTIMEOFDAY 1
| #define HAVE_SELECT 1
| #define HAVE_SIGACTION 1
| #define HAVE_SIGPROCMASK 1
| #define HAVE_SIGPENDING 1
| #define HAVE_SIGSUSPEND 1
| #define PTH_NSIG 32
| #define HAVE_POLL 1
| #define HAVE_POLLIN 1
| #define HAVE_SYS_UIO_H 1
| #define HAVE_READV 1
| #define HAVE_WRITEV 1
| #define HAVE_USLEEP 1
| #define HAVE_STRERROR 1
| #define HAVE_SYS_RESOURCE_H 1
| #define HAVE_PATHS_H 1
| /* end confdefs.h.  */
| 
| /* Override any gcc2 internal prototype to avoid an error.  */
| #ifdef __cplusplus
| extern "C"
| #endif
| /* We use char because int might match the return type of a gcc2
|    builtin and then its argument prototype would still apply.  */
| char accept ();
| int
| main ()
| {
| accept ();
|   ;
|   return 0;
| }
configure:20635: result: no
configure:20661: checking sys/select.h usability
configure:20673: gcc -c -O2 -pipe  conftest.c >&5
configure:20679: $? = 0
configure:20683: test -z 
			 || test ! -s conftest.err
configure:20686: $? = 0
configure:20689: test -s conftest.o
configure:20692: $? = 0
configure:20702: result: yes
configure:20706: checking sys/select.h presence
configure:20716: gcc -E  conftest.c
configure:20722: $? = 0
configure:20742: result: yes
configure:20777: checking for sys/select.h
configure:20784: result: yes
configure:20803: checking for typedef sig_atomic_t
configure:20827: result: yes
configure:20843: checking for typedef pid_t
configure:20867: result: yes
configure:20883: checking for typedef size_t
configure:20907: result: yes
configure:20923: checking for typedef ssize_t
configure:20947: result: yes
configure:20963: checking for typedef off_t
configure:20987: result: yes
configure:21003: checking for typedef stack_t
configure:21027: result: yes
configure:21038: checking for attribute ss_base in struct sigaltstack from sys/signal.h
configure:21066: gcc -o conftest -O2 -pipe   conftest.c  >&5
conftest.c:69:4: error: incomplete definition of type 'struct sigaltstack'
   69 | sp1->ss_base = sp2->ss_base;
      | ~~~^
conftest.c:67:8: note: forward declaration of 'struct sigaltstack'
   67 | struct sigaltstack *sp1;
      |        ^
conftest.c:69:19: error: incomplete definition of type 'struct sigaltstack'
   69 | sp1->ss_base = sp2->ss_base;
      |                ~~~^
conftest.c:67:8: note: forward declaration of 'struct sigaltstack'
   67 | struct sigaltstack *sp1;
      |        ^
2 errors generated.
configure:21072: $? = 1
configure: failed program was:
| /* confdefs.h.  */
| 
| #define PACKAGE_NAME ""
| #define PACKAGE_TARNAME ""
| #define PACKAGE_VERSION ""
| #define PACKAGE_STRING ""
| #define PACKAGE_BUGREPORT ""
| #define HAVE_SYS_TYPES_H 1
| #define HAVE_SYS_STAT_H 1
| #define HAVE_STDLIB_H 1
| #define HAVE_STRING_H 1
| #define HAVE_MEMORY_H 1
| #define HAVE_STRINGS_H 1
| #define HAVE_INTTYPES_H 1
| #define HAVE_STDINT_H 1
| #define HAVE_UNISTD_H 1
| #define HAVE_DLFCN_H 1
| #ifdef __cplusplus
| extern "C" void exit (int);
| #endif
| #define HAVE_STDIO_H 1
| #define HAVE_STDLIB_H 1
| #define HAVE_STDARG_H 1
| #define HAVE_STRING_H 1
| #define HAVE_SIGNAL_H 1
| #define HAVE_UNISTD_H 1
| #define HAVE_SETJMP_H 1
| #define HAVE_FCNTL_H 1
| #define HAVE_ERRNO_H 1
| #define HAVE_SYS_TYPES_H 1
| #define HAVE_SYS_TIME_H 1
| #define HAVE_SYS_WAIT_H 1
| #define HAVE_SYS_STAT_H 1
| #define HAVE_SYS_SOCKET_H 1
| #define HAVE_GETTIMEOFDAY 1
| #define HAVE_SELECT 1
| #define HAVE_SIGACTION 1
| #define HAVE_SIGPROCMASK 1
| #define HAVE_SIGPENDING 1
| #define HAVE_SIGSUSPEND 1
| #define PTH_NSIG 32
| #define HAVE_POLL 1
| #define HAVE_POLLIN 1
| #define HAVE_SYS_UIO_H 1
| #define HAVE_READV 1
| #define HAVE_WRITEV 1
| #define HAVE_USLEEP 1
| #define HAVE_STRERROR 1
| #define HAVE_SYS_RESOURCE_H 1
| #define HAVE_PATHS_H 1
| #define HAVE_SYS_SELECT_H 1
| #define HAVE_SIG_ATOMIC_T 1
| #define HAVE_PID_T 1
| #define HAVE_SIZE_T 1
| #define HAVE_SSIZE_T 1
| #define HAVE_OFF_T 1
| #define HAVE_STACK_T 1
| /* end confdefs.h.  */
| 
| #include <sys/types.h>
| #include <sys/signal.h>
| 
| int
| main ()
| {
| 
| struct sigaltstack *sp1;
| struct sigaltstack *sp2;
| sp1->ss_base = sp2->ss_base;
| 
|   ;
|   return 0;
| }
configure:21097: result: no
configure:21107: checking for attribute ss_sp in struct sigaltstack from sys/signal.h
configure:21135: gcc -o conftest -O2 -pipe   conftest.c  >&5
conftest.c:69:4: error: incomplete definition of type 'struct sigaltstack'
   69 | sp1->ss_sp = sp2->ss_sp;
      | ~~~^
conftest.c:67:8: note: forward declaration of 'struct sigaltstack'
   67 | struct sigaltstack *sp1;
      |        ^
conftest.c:69:17: error: incomplete definition of type 'struct sigaltstack'
   69 | sp1->ss_sp = sp2->ss_sp;
      |              ~~~^
conftest.c:67:8: note: forward declaration of 'struct sigaltstack'
   67 | struct sigaltstack *sp1;
      |        ^
2 errors generated.
configure:21141: $? = 1
configure: failed program was:
| /* confdefs.h.  */
| 
| #define PACKAGE_NAME ""
| #define PACKAGE_TARNAME ""
| #define PACKAGE_VERSION ""
| #define PACKAGE_STRING ""
| #define PACKAGE_BUGREPORT ""
| #define HAVE_SYS_TYPES_H 1
| #define HAVE_SYS_STAT_H 1
| #define HAVE_STDLIB_H 1
| #define HAVE_STRING_H 1
| #define HAVE_MEMORY_H 1
| #define HAVE_STRINGS_H 1
| #define HAVE_INTTYPES_H 1
| #define HAVE_STDINT_H 1
| #define HAVE_UNISTD_H 1
| #define HAVE_DLFCN_H 1
| #ifdef __cplusplus
| extern "C" void exit (int);
| #endif
| #define HAVE_STDIO_H 1
| #define HAVE_STDLIB_H 1
| #define HAVE_STDARG_H 1
| #define HAVE_STRING_H 1
| #define HAVE_SIGNAL_H 1
| #define HAVE_UNISTD_H 1
| #define HAVE_SETJMP_H 1
| #define HAVE_FCNTL_H 1
| #define HAVE_ERRNO_H 1
| #define HAVE_SYS_TYPES_H 1
| #define HAVE_SYS_TIME_H 1
| #define HAVE_SYS_WAIT_H 1
| #define HAVE_SYS_STAT_H 1
| #define HAVE_SYS_SOCKET_H 1
| #define HAVE_GETTIMEOFDAY 1
| #define HAVE_SELECT 1
| #define HAVE_SIGACTION 1
| #define HAVE_SIGPROCMASK 1
| #define HAVE_SIGPENDING 1
| #define HAVE_SIGSUSPEND 1
| #define PTH_NSIG 32
| #define HAVE_POLL 1
| #define HAVE_POLLIN 1
| #define HAVE_SYS_UIO_H 1
| #define HAVE_READV 1
| #define HAVE_WRITEV 1
| #define HAVE_USLEEP 1
| #define HAVE_STRERROR 1
| #define HAVE_SYS_RESOURCE_H 1
| #define HAVE_PATHS_H 1
| #define HAVE_SYS_SELECT_H 1
| #define HAVE_SIG_ATOMIC_T 1
| #define HAVE_PID_T 1
| #define HAVE_SIZE_T 1
| #define HAVE_SSIZE_T 1
| #define HAVE_OFF_T 1
| #define HAVE_STACK_T 1
| /* end confdefs.h.  */
| 
| #include <sys/types.h>
| #include <sys/signal.h>
| 
| int
| main ()
| {
| 
| struct sigaltstack *sp1;
| struct sigaltstack *sp2;
| sp1->ss_sp = sp2->ss_sp;
| 
|   ;
|   return 0;
| }
configure:21166: result: no
configure:21177: checking for a single-argument based gettimeofday
configure:21203: gcc -c -O2 -pipe  conftest.c >&5
conftest.c:69:23: error: too few arguments to function call, expected 2, have 1
   69 | (void)gettimeofday(&tv);
      |       ~~~~~~~~~~~~    ^
/Applications/Xcode.app/Contents/Developer/Platforms/MacOSX.platform/Developer/SDKs/MacOSX.sdk/usr/include/sys/time.h:198:9: note: 'gettimeofday' declared here
  198 | int     gettimeofday(struct timeval * __restrict, void * __restrict);
      |         ^            ~~~~~~~~~~~~~~~~~~~~~~~~~~~~~~~~~~~
1 error generated.
configure:21209: $? = 1
configure: failed program was:
| /* confdefs.h.  */
| 
| #define PACKAGE_NAME ""
| #define PACKAGE_TARNAME ""
| #define PACKAGE_VERSION ""
| #define PACKAGE_STRING ""
| #define PACKAGE_BUGREPORT ""
| #define HAVE_SYS_TYPES_H 1
| #define HAVE_SYS_STAT_H 1
| #define HAVE_STDLIB_H 1
| #define HAVE_STRING_H 1
| #define HAVE_MEMORY_H 1
| #define HAVE_STRINGS_H 1
| #define HAVE_INTTYPES_H 1
| #define HAVE_STDINT_H 1
| #define HAVE_UNISTD_H 1
| #define HAVE_DLFCN_H 1
| #ifdef __cplusplus
| extern "C" void exit (int);
| #endif
| #define HAVE_STDIO_H 1
| #define HAVE_STDLIB_H 1
| #define HAVE_STDARG_H 1
| #define HAVE_STRING_H 1
| #define HAVE_SIGNAL_H 1
| #define HAVE_UNISTD_H 1
| #define HAVE_SETJMP_H 1
| #define HAVE_FCNTL_H 1
| #define HAVE_ERRNO_H 1
| #define HAVE_SYS_TYPES_H 1
| #define HAVE_SYS_TIME_H 1
| #define HAVE_SYS_WAIT_H 1
| #define HAVE_SYS_STAT_H 1
| #define HAVE_SYS_SOCKET_H 1
| #define HAVE_GETTIMEOFDAY 1
| #define HAVE_SELECT 1
| #define HAVE_SIGACTION 1
| #define HAVE_SIGPROCMASK 1
| #define HAVE_SIGPENDING 1
| #define HAVE_SIGSUSPEND 1
| #define PTH_NSIG 32
| #define HAVE_POLL 1
| #define HAVE_POLLIN 1
| #define HAVE_SYS_UIO_H 1
| #define HAVE_READV 1
| #define HAVE_WRITEV 1
| #define HAVE_USLEEP 1
| #define HAVE_STRERROR 1
| #define HAVE_SYS_RESOURCE_H 1
| #define HAVE_PATHS_H 1
| #define HAVE_SYS_SELECT_H 1
| #define HAVE_SIG_ATOMIC_T 1
| #define HAVE_PID_T 1
| #define HAVE_SIZE_T 1
| #define HAVE_SSIZE_T 1
| #define HAVE_OFF_T 1
| #define HAVE_STACK_T 1
| /* end confdefs.h.  */
| 
| #include <sys/types.h>
| #include <sys/time.h>
| #include <unistd.h>
| 
| int
| main ()
| {
| 
| struct timeval tv;
| (void)gettimeofday(&tv);
| 
|   ;
|   return 0;
| }
configure:21245: result: no
configure:21248: checking for struct timespec
configure:21272: gcc -c -O2 -pipe  conftest.c >&5
configure:21278: $? = 0
configure:21282: test -z 
			 || test ! -s conftest.err
configure:21285: $? = 0
configure:21288: test -s conftest.o
configure:21291: $? = 0
configure:21310: result: yes
configure:21313: checking for typedef socklen_t
configure:21337: result: yes
configure:21347: checking for type of argument 3 for accept()
configure:21407: result: socklen_t *
configure:21412: checking for fallback socklen_t
configure:21428: result: socklen_t
configure:21440: checking for typedef nfds_t
configure:21464: result: yes
configure:21474: checking for type of argument 2 for poll()
configure:21534: result: nfds_t
configure:21539: checking for fallback nfds_t
configure:21555: result: nfds_t
configure:21567: checking for built-in type long long
configure:21593: gcc -o conftest -O2 -pipe   conftest.c  >&5
configure:21599: $? = 0
configure:21603: test -z 
			 || test ! -s conftest.err
configure:21606: $? = 0
configure:21609: test -s conftest
configure:21612: $? = 0
configure:21625: result: yes
configure:21635: checking for built-in type long double
configure:21661: gcc -o conftest -O2 -pipe   conftest.c  >&5
configure:21667: $? = 0
configure:21671: test -z 
			 || test ! -s conftest.err
configure:21674: $? = 0
configure:21677: test -s conftest
configure:21680: $? = 0
configure:21693: result: yes
configure:21706: result: 
configure:21708: result: [1mMachine Context Implementation:[m
configure:21714: checking for ucontext.h
configure:21730: gcc -c -O2 -pipe  conftest.c >&5
In file included from conftest.c:66:
/Applications/Xcode.app/Contents/Developer/Platforms/MacOSX.platform/Developer/SDKs/MacOSX.sdk/usr/include/ucontext.h:51:2: error: The deprecated ucontext routines require _XOPEN_SOURCE to be defined
   51 | #error The deprecated ucontext routines require _XOPEN_SOURCE to be defined
      |  ^
1 error generated.
configure:21736: $? = 1
configure: failed program was:
| /* confdefs.h.  */
| 
| #define PACKAGE_NAME ""
| #define PACKAGE_TARNAME ""
| #define PACKAGE_VERSION ""
| #define PACKAGE_STRING ""
| #define PACKAGE_BUGREPORT ""
| #define HAVE_SYS_TYPES_H 1
| #define HAVE_SYS_STAT_H 1
| #define HAVE_STDLIB_H 1
| #define HAVE_STRING_H 1
| #define HAVE_MEMORY_H 1
| #define HAVE_STRINGS_H 1
| #define HAVE_INTTYPES_H 1
| #define HAVE_STDINT_H 1
| #define HAVE_UNISTD_H 1
| #define HAVE_DLFCN_H 1
| #ifdef __cplusplus
| extern "C" void exit (int);
| #endif
| #define HAVE_STDIO_H 1
| #define HAVE_STDLIB_H 1
| #define HAVE_STDARG_H 1
| #define HAVE_STRING_H 1
| #define HAVE_SIGNAL_H 1
| #define HAVE_UNISTD_H 1
| #define HAVE_SETJMP_H 1
| #define HAVE_FCNTL_H 1
| #define HAVE_ERRNO_H 1
| #define HAVE_SYS_TYPES_H 1
| #define HAVE_SYS_TIME_H 1
| #define HAVE_SYS_WAIT_H 1
| #define HAVE_SYS_STAT_H 1
| #define HAVE_SYS_SOCKET_H 1
| #define HAVE_GETTIMEOFDAY 1
| #define HAVE_SELECT 1
| #define HAVE_SIGACTION 1
| #define HAVE_SIGPROCMASK 1
| #define HAVE_SIGPENDING 1
| #define HAVE_SIGSUSPEND 1
| #define PTH_NSIG 32
| #define HAVE_POLL 1
| #define HAVE_POLLIN 1
| #define HAVE_SYS_UIO_H 1
| #define HAVE_READV 1
| #define HAVE_WRITEV 1
| #define HAVE_USLEEP 1
| #define HAVE_STRERROR 1
| #define HAVE_SYS_RESOURCE_H 1
| #define HAVE_PATHS_H 1
| #define HAVE_SYS_SELECT_H 1
| #define HAVE_SIG_ATOMIC_T 1
| #define HAVE_PID_T 1
| #define HAVE_SIZE_T 1
| #define HAVE_SSIZE_T 1
| #define HAVE_OFF_T 1
| #define HAVE_STACK_T 1
| #define HAVE_STRUCT_TIMESPEC 1
| #define HAVE_SOCKLEN_T 1
| #define HAVE_NFDS_T 1
| #define HAVE_LONGLONG 1
| #define HAVE_LONGDOUBLE 1
| /* end confdefs.h.  */
| #include <sys/types.h>
| 
| #include <ucontext.h>
configure:21760: result: no
configure:21771: checking for makecontext
configure:21828: gcc -o conftest -O2 -pipe   conftest.c  >&5
configure:21834: $? = 0
configure:21838: test -z 
			 || test ! -s conftest.err
configure:21841: $? = 0
configure:21844: test -s conftest
configure:21847: $? = 0
configure:21859: result: yes
configure:21771: checking for swapcontext
configure:21828: gcc -o conftest -O2 -pipe   conftest.c  >&5
configure:21834: $? = 0
configure:21838: test -z 
			 || test ! -s conftest.err
configure:21841: $? = 0
configure:21844: test -s conftest
configure:21847: $? = 0
configure:21859: result: yes
configure:21771: checking for getcontext
configure:21828: gcc -o conftest -O2 -pipe   conftest.c  >&5
configure:21834: $? = 0
configure:21838: test -z 
			 || test ! -s conftest.err
configure:21841: $? = 0
configure:21844: test -s conftest
configure:21847: $? = 0
configure:21859: result: yes
configure:21771: checking for setcontext
configure:21828: gcc -o conftest -O2 -pipe   conftest.c  >&5
configure:21834: $? = 0
configure:21838: test -z 
			 || test ! -s conftest.err
configure:21841: $? = 0
configure:21844: test -s conftest
configure:21847: $? = 0
configure:21859: result: yes
configure:21870: checking for usable SVR4/SUSv2 makecontext(2)/swapcontext(2)
configure:21941: gcc -o conftest -O2 -pipe   conftest.c  >&5
In file included from conftest.c:72:
/Applications/Xcode.app/Contents/Developer/Platforms/MacOSX.platform/Developer/SDKs/MacOSX.sdk/usr/include/ucontext.h:51:2: error: The deprecated ucontext routines require _XOPEN_SOURCE to be defined
   51 | #error The deprecated ucontext routines require _XOPEN_SOURCE to be defined
      |  ^
conftest.c:81:9: error: call to undeclared function 'swapcontext'; ISO C99 and later do not support implicit function declarations [-Wimplicit-function-declaration]
   81 |     if (swapcontext(&uc_child, &uc_main) != 0)
      |         ^
conftest.c:99:9: error: call to undeclared library function 'getcontext' with type 'int (ucontext_t *)' (aka 'int (struct __darwin_ucontext *)'); ISO C99 and later do not support implicit function declarations [-Wimplicit-function-declaration]
   99 |     if (getcontext(&uc_child) != 0)
      |         ^
conftest.c:99:9: note: include the header <setjmp.h> or explicitly provide a declaration for 'getcontext'
conftest.c:105:5: error: call to undeclared function 'makecontext'; ISO C99 and later do not support implicit function declarations [-Wimplicit-function-declaration]
  105 |     makecontext(&uc_child, child, 2, (void *)12345);
      |     ^
conftest.c:108:9: error: call to undeclared function 'swapcontext'; ISO C99 and later do not support implicit function declarations [-Wimplicit-function-declaration]
  108 |     if (swapcontext(&uc_main, &uc_child) != 0)
      |         ^
5 errors generated.
configure:21944: $? = 1
configure: program exited with status 1
configure: failed program was:
| /* confdefs.h.  */
| 
| #define PACKAGE_NAME ""
| #define PACKAGE_TARNAME ""
| #define PACKAGE_VERSION ""
| #define PACKAGE_STRING ""
| #define PACKAGE_BUGREPORT ""
| #define HAVE_SYS_TYPES_H 1
| #define HAVE_SYS_STAT_H 1
| #define HAVE_STDLIB_H 1
| #define HAVE_STRING_H 1
| #define HAVE_MEMORY_H 1
| #define HAVE_STRINGS_H 1
| #define HAVE_INTTYPES_H 1
| #define HAVE_STDINT_H 1
| #define HAVE_UNISTD_H 1
| #define HAVE_DLFCN_H 1
| #ifdef __cplusplus
| extern "C" void exit (int);
| #endif
| #define HAVE_STDIO_H 1
| #define HAVE_STDLIB_H 1
| #define HAVE_STDARG_H 1
| #define HAVE_STRING_H 1
| #define HAVE_SIGNAL_H 1
| #define HAVE_UNISTD_H 1
| #define HAVE_SETJMP_H 1
| #define HAVE_FCNTL_H 1
| #define HAVE_ERRNO_H 1
| #define HAVE_SYS_TYPES_H 1
| #define HAVE_SYS_TIME_H 1
| #define HAVE_SYS_WAIT_H 1
| #define HAVE_SYS_STAT_H 1
| #define HAVE_SYS_SOCKET_H 1
| #define HAVE_GETTIMEOFDAY 1
| #define HAVE_SELECT 1
| #define HAVE_SIGACTION 1
| #define HAVE_SIGPROCMASK 1
| #define HAVE_SIGPENDING 1
| #define HAVE_SIGSUSPEND 1
| #define PTH_NSIG 32
| #define HAVE_POLL 1
| #define HAVE_POLLIN 1
| #define HAVE_SYS_UIO_H 1
| #define HAVE_READV 1
| #define HAVE_WRITEV 1
| #define HAVE_USLEEP 1
| #define HAVE_STRERROR 1
| #define HAVE_SYS_RESOURCE_H 1
| #define HAVE_PATHS_H 1
| #define HAVE_SYS_SELECT_H 1
| #define HAVE_SIG_ATOMIC_T 1
| #define HAVE_PID_T 1
| #define HAVE_SIZE_T 1
| #define HAVE_SSIZE_T 1
| #define HAVE_OFF_T 1
| #define HAVE_STACK_T 1
| #define HAVE_STRUCT_TIMESPEC 1
| #define HAVE_SOCKLEN_T 1
| #define HAVE_NFDS_T 1
| #define HAVE_LONGLONG 1
| #define HAVE_LONGDOUBLE 1
| #define HAVE_MAKECONTEXT 1
| #define HAVE_SWAPCONTEXT 1
| #define HAVE_GETCONTEXT 1
| #define HAVE_SETCONTEXT 1
| /* end confdefs.h.  */
| 
| 
| #include <stdio.h>
| #include <stdlib.h>
| #include <ucontext.h>
| 
| ucontext_t uc_child;
| ucontext_t uc_main;
| 
| void child(void *arg)
| {
|     if (arg != (void *)12345)
|         exit(1);
|     if (swapcontext(&uc_child, &uc_main) != 0)
|         exit(1);
| }
| 
| int main(int argc, char *argv[])
| {
|     FILE *fp;
|     void *stack;
| 
|     /* the default is that it fails */
|     if ((fp = fopen("conftestval", "w")) == NULL)
|         exit(1);
|     fprintf(fp, "no\n");
|     fclose(fp);
| 
|     /* configure a child user-space context */
|     if ((stack = malloc(64*1024)) == NULL)
|         exit(1);
|     if (getcontext(&uc_child) != 0)
|         exit(1);
|     uc_child.uc_link = NULL;
|     uc_child.uc_stack.ss_sp = (char *)stack+(32*1024);
|     uc_child.uc_stack.ss_size = 32*1024;
|     uc_child.uc_stack.ss_flags = 0;
|     makecontext(&uc_child, child, 2, (void *)12345);
| 
|     /* switch into the user context */
|     if (swapcontext(&uc_main, &uc_child) != 0)
|         exit(1);
| 
|     /* Fine, child came home */
|     if ((fp = fopen("conftestval", "w")) == NULL)
|         exit(1);
|     fprintf(fp, "yes\n");
|     fclose(fp);
| 
|     /* die successfully */
|     exit(0);
| }
| 
configure:21963: result: no
configure:21977: checking for signal.h
configure:21982: result: yes
configure:22131: checking for sigsetjmp
configure:22188: gcc -o conftest -O2 -pipe   conftest.c  >&5
configure:22194: $? = 0
configure:22198: test -z 
			 || test ! -s conftest.err
configure:22201: $? = 0
configure:22204: test -s conftest
configure:22207: $? = 0
configure:22219: result: yes
configure:22131: checking for siglongjmp
configure:22188: gcc -o conftest -O2 -pipe   conftest.c  >&5
configure:22194: $? = 0
configure:22198: test -z 
			 || test ! -s conftest.err
configure:22201: $? = 0
configure:22204: test -s conftest
configure:22207: $? = 0
configure:22219: result: yes
configure:22131: checking for setjmp
configure:22188: gcc -o conftest -O2 -pipe   conftest.c  >&5
configure:22194: $? = 0
configure:22198: test -z 
			 || test ! -s conftest.err
configure:22201: $? = 0
configure:22204: test -s conftest
configure:22207: $? = 0
configure:22219: result: yes
configure:22131: checking for longjmp
configure:22188: gcc -o conftest -O2 -pipe   conftest.c  >&5
configure:22194: $? = 0
configure:22198: test -z 
			 || test ! -s conftest.err
configure:22201: $? = 0
configure:22204: test -s conftest
configure:22207: $? = 0
configure:22219: result: yes
configure:22131: checking for _setjmp
configure:22188: gcc -o conftest -O2 -pipe   conftest.c  >&5
configure:22194: $? = 0
configure:22198: test -z 
			 || test ! -s conftest.err
configure:22201: $? = 0
configure:22204: test -s conftest
configure:22207: $? = 0
configure:22219: result: yes
configure:22131: checking for _longjmp
configure:22188: gcc -o conftest -O2 -pipe   conftest.c  >&5
configure:22194: $? = 0
configure:22198: test -z 
			 || test ! -s conftest.err
configure:22201: $? = 0
configure:22204: test -s conftest
configure:22207: $? = 0
configure:22219: result: yes
configure:22234: checking for sigaltstack
configure:22291: gcc -o conftest -O2 -pipe   conftest.c  >&5
configure:22297: $? = 0
configure:22301: test -z 
			 || test ! -s conftest.err
configure:22304: $? = 0
configure:22307: test -s conftest
configure:22310: $? = 0
configure:22322: result: yes
configure:22234: checking for sigstack
configure:22291: gcc -o conftest -O2 -pipe   conftest.c  >&5
Undefined symbols for architecture arm64:
  "_sigstack", referenced from:
      _main in conftest-0db01c.o
      _f in conftest-0db01c.o
ld: symbol(s) not found for architecture arm64
clang: error: linker command failed with exit code 1 (use -v to see invocation)
configure:22297: $? = 1
configure: failed program was:
| /* confdefs.h.  */
| 
| #define PACKAGE_NAME ""
| #define PACKAGE_TARNAME ""
| #define PACKAGE_VERSION ""
| #define PACKAGE_STRING ""
| #define PACKAGE_BUGREPORT ""
| #define HAVE_SYS_TYPES_H 1
| #define HAVE_SYS_STAT_H 1
| #define HAVE_STDLIB_H 1
| #define HAVE_STRING_H 1
| #define HAVE_MEMORY_H 1
| #define HAVE_STRINGS_H 1
| #define HAVE_INTTYPES_H 1
| #define HAVE_STDINT_H 1
| #define HAVE_UNISTD_H 1
| #define HAVE_DLFCN_H 1
| #ifdef __cplusplus
| extern "C" void exit (int);
| #endif
| #define HAVE_STDIO_H 1
| #define HAVE_STDLIB_H 1
| #define HAVE_STDARG_H 1
| #define HAVE_STRING_H 1
| #define HAVE_SIGNAL_H 1
| #define HAVE_UNISTD_H 1
| #define HAVE_SETJMP_H 1
| #define HAVE_FCNTL_H 1
| #define HAVE_ERRNO_H 1
| #define HAVE_SYS_TYPES_H 1
| #define HAVE_SYS_TIME_H 1
| #define HAVE_SYS_WAIT_H 1
| #define HAVE_SYS_STAT_H 1
| #define HAVE_SYS_SOCKET_H 1
| #define HAVE_GETTIMEOFDAY 1
| #define HAVE_SELECT 1
| #define HAVE_SIGACTION 1
| #define HAVE_SIGPROCMASK 1
| #define HAVE_SIGPENDING 1
| #define HAVE_SIGSUSPEND 1
| #define PTH_NSIG 32
| #define HAVE_POLL 1
| #define HAVE_POLLIN 1
| #define HAVE_SYS_UIO_H 1
| #define HAVE_READV 1
| #define HAVE_WRITEV 1
| #define HAVE_USLEEP 1
| #define HAVE_STRERROR 1
| #define HAVE_SYS_RESOURCE_H 1
| #define HAVE_PATHS_H 1
| #define HAVE_SYS_SELECT_H 1
| #define HAVE_SIG_ATOMIC_T 1
| #define HAVE_PID_T 1
| #define HAVE_SIZE_T 1
| #define HAVE_SSIZE_T 1
| #define HAVE_OFF_T 1
| #define HAVE_STACK_T 1
| #define HAVE_STRUCT_TIMESPEC 1
| #define HAVE_SOCKLEN_T 1
| #define HAVE_NFDS_T 1
| #define HAVE_LONGLONG 1
| #define HAVE_LONGDOUBLE 1
| #define HAVE_MAKECONTEXT 1
| #define HAVE_SWAPCONTEXT 1
| #define HAVE_GETCONTEXT 1
| #define HAVE_SETCONTEXT 1
| #define HAVE_SIGNAL_H 1
| #define HAVE_SIGSETJMP 1
| #define HAVE_SIGLONGJMP 1
| #define HAVE_SETJMP 1
| #define HAVE_LONGJMP 1
| #define HAVE__SETJMP 1
| #define HAVE__LONGJMP 1
| #define HAVE_SIGALTSTACK 1
| /* end confdefs.h.  */
| /* Define sigstack to an innocuous variant, in case <limits.h> declares sigstack.
|    For example, HP-UX 11i <limits.h> declares gettimeofday.  */
| #define sigstack innocuous_sigstack
| 
| /* System header to define __stub macros and hopefully few prototypes,
|     which can conflict with char sigstack (); below.
|     Prefer <limits.h> to <assert.h> if __STDC__ is defined, since
|     <limits.h> exists even on freestanding compilers.  */
| 
| #ifdef __STDC__
| # include <limits.h>
| #else
| # include <assert.h>
| #endif
| 
| #undef sigstack
| 
| /* Override any gcc2 internal prototype to avoid an error.  */
| #ifdef __cplusplus
| extern "C"
| {
| #endif
| /* We use char because int might match the return type of a gcc2
|    builtin and then its argument prototype would still apply.  */
| char sigstack ();
| /* The GNU C library defines this for functions which it implements
|     to always fail with ENOSYS.  Some functions are actually named
|     something starting with __ and the normal name is an alias.  */
| #if defined (__stub_sigstack) || defined (__stub___sigstack)
| choke me
| #else
| char (*f) () = sigstack;
| #endif
| #ifdef __cplusplus
| }
| #endif
| 
| int
| main ()
| {
| return f != sigstack;
|   ;
|   return 0;
| }
configure:22322: result: no
configure:22332: checking for signal-mask aware setjmp(3)/longjmp(3)
configure:22484: gcc -o conftest -O2 -pipe -DTEST_ssjlj   conftest.c  >&5
conftest.c:108:9: error: call to undeclared library function 'exit' with type 'void (int) __attribute__((noreturn))'; ISO C99 and later do not support implicit function declarations [-Wimplicit-function-declaration]
  108 |         exit(1);
      |         ^
conftest.c:108:9: note: include the header <stdlib.h> or explicitly provide a declaration for 'exit'
conftest.c:141:9: error: call to undeclared library function 'memset' with type 'void *(void *, int, unsigned long)'; ISO C99 and later do not support implicit function declarations [-Wimplicit-function-declaration]
  141 |         memset((void *)&sa, 0, sizeof(struct sigaction));
      |         ^
conftest.c:141:9: note: include the header <string.h> or explicitly provide a declaration for 'memset'
2 errors generated.
configure:22487: $? = 1
configure: program exited with status 1
configure: failed program was:
| /* confdefs.h.  */
| 
| #define PACKAGE_NAME ""
| #define PACKAGE_TARNAME ""
| #define PACKAGE_VERSION ""
| #define PACKAGE_STRING ""
| #define PACKAGE_BUGREPORT ""
| #define HAVE_SYS_TYPES_H 1
| #define HAVE_SYS_STAT_H 1
| #define HAVE_STDLIB_H 1
| #define HAVE_STRING_H 1
| #define HAVE_MEMORY_H 1
| #define HAVE_STRINGS_H 1
| #define HAVE_INTTYPES_H 1
| #define HAVE_STDINT_H 1
| #define HAVE_UNISTD_H 1
| #define HAVE_DLFCN_H 1
| #ifdef __cplusplus
| extern "C" void exit (int);
| #endif
| #define HAVE_STDIO_H 1
| #define HAVE_STDLIB_H 1
| #define HAVE_STDARG_H 1
| #define HAVE_STRING_H 1
| #define HAVE_SIGNAL_H 1
| #define HAVE_UNISTD_H 1
| #define HAVE_SETJMP_H 1
| #define HAVE_FCNTL_H 1
| #define HAVE_ERRNO_H 1
| #define HAVE_SYS_TYPES_H 1
| #define HAVE_SYS_TIME_H 1
| #define HAVE_SYS_WAIT_H 1
| #define HAVE_SYS_STAT_H 1
| #define HAVE_SYS_SOCKET_H 1
| #define HAVE_GETTIMEOFDAY 1
| #define HAVE_SELECT 1
| #define HAVE_SIGACTION 1
| #define HAVE_SIGPROCMASK 1
| #define HAVE_SIGPENDING 1
| #define HAVE_SIGSUSPEND 1
| #define PTH_NSIG 32
| #define HAVE_POLL 1
| #define HAVE_POLLIN 1
| #define HAVE_SYS_UIO_H 1
| #define HAVE_READV 1
| #define HAVE_WRITEV 1
| #define HAVE_USLEEP 1
| #define HAVE_STRERROR 1
| #define HAVE_SYS_RESOURCE_H 1
| #define HAVE_PATHS_H 1
| #define HAVE_SYS_SELECT_H 1
| #define HAVE_SIG_ATOMIC_T 1
| #define HAVE_PID_T 1
| #define HAVE_SIZE_T 1
| #define HAVE_SSIZE_T 1
| #define HAVE_OFF_T 1
| #define HAVE_STACK_T 1
| #define HAVE_STRUCT_TIMESPEC 1
| #define HAVE_SOCKLEN_T 1
| #define HAVE_NFDS_T 1
| #define HAVE_LONGLONG 1
| #define HAVE_LONGDOUBLE 1
| #define HAVE_MAKECONTEXT 1
| #define HAVE_SWAPCONTEXT 1
| #define HAVE_GETCONTEXT 1
| #define HAVE_SETCONTEXT 1
| #define HAVE_SIGNAL_H 1
| #define HAVE_SIGSETJMP 1
| #define HAVE_SIGLONGJMP 1
| #define HAVE_SETJMP 1
| #define HAVE_LONGJMP 1
| #define HAVE__SETJMP 1
| #define HAVE__LONGJMP 1
| #define HAVE_SIGALTSTACK 1
| /* end confdefs.h.  */
| 
| #if defined(TEST_ssjlj)
| #define __JMP_BUF          sigjmp_buf
| #define __SETJMP(buf)      sigsetjmp(buf,1)
| #define __LONGJMP(buf,val) siglongjmp(buf,val)
| #elif defined(TEST_sjlj)
| #define __JMP_BUF          jmp_buf
| #define __SETJMP(buf)      setjmp(buf)
| #define __LONGJMP(buf,val) longjmp(buf,val)
| #elif defined(TEST_usjlj)
| #define __JMP_BUF          jmp_buf
| #define __SETJMP(buf)      _setjmp(buf)
| #define __LONGJMP(buf,val) _longjmp(buf,val)
| #endif
| 
| #include <stdio.h>
| #include <sys/types.h>
| #include <signal.h>
| #include <setjmp.h>
| #include <unistd.h>
| 
| static __JMP_BUF jb;
| 
| static void sighandler(int sig)
| {
|     sigset_t sigs;
| 
|     /* get signal mask */
|     sigprocmask(SIG_SETMASK, NULL, &sigs);
| 
|     /* make sure USR1 is still blocked */
|     if (!sigismember(&sigs, SIGUSR1))
|         exit(1);
| 
|     /* block USR2 for us */
|     sigaddset(&sigs, SIGUSR2);
|     sigprocmask(SIG_SETMASK, &sigs, NULL);
| 
|     /* jump back to main */
|     __LONGJMP(jb, 1);
|     exit(1);
| }
| 
| int main(int argc, char *argv[])
| {
|     FILE *fp;
|     sigset_t sigs;
|     struct sigaction sa;
| 
|     /* the default is that it fails */
|     if ((fp = fopen("conftestval", "w")) == NULL)
|         exit(1);
|     fprintf(fp, "failed\n");
|     fclose(fp);
| 
|     /* block USR1 and unblock USR2 signal */
|     sigprocmask(SIG_SETMASK, NULL, &sigs);
|     sigaddset(&sigs, SIGUSR1);
|     sigdelset(&sigs, SIGUSR2);
|     sigprocmask(SIG_SETMASK, &sigs, NULL);
| 
|     /* set jump buffer */
|     if (__SETJMP(jb) == 0) {
| 
|         /* install signal handler for USR1 */
|         memset((void *)&sa, 0, sizeof(struct sigaction));
|         sigemptyset(&sa.sa_mask);
|         sa.sa_handler = sighandler;
|         sa.sa_flags = 0;
|         sigaction(SIGUSR1, &sa, NULL);
| 
|         /* send USR1 signal (which is still blocked) */
|         kill(getpid(), SIGUSR1);
| 
|         /* unblock USR1 and wait for it */
|         sigprocmask(SIG_SETMASK, NULL, &sigs);
|         sigdelset(&sigs, SIGUSR1);
|         sigsuspend(&sigs);
|         exit(1);
|     }
| 
|     /* get signal mask again */
|     sigprocmask(SIG_SETMASK, NULL, &sigs);
| 
|     /* make sure USR2 is again unblocked */
|     if (sigismember(&sigs, SIGUSR2))
|         exit(1);
| 
|     /* Fine... */
|     if ((fp = fopen("conftestval", "w")) == NULL)
|         exit(1);
|     fprintf(fp, "ok\n");
|     fclose(fp);
|     exit(0);
| }
| 
| 
configure:22484: gcc -o conftest -O2 -pipe -DTEST_sjlj   conftest.c  >&5
conftest.c:108:9: error: call to undeclared library function 'exit' with type 'void (int) __attribute__((noreturn))'; ISO C99 and later do not support implicit function declarations [-Wimplicit-function-declaration]
  108 |         exit(1);
      |         ^
conftest.c:108:9: note: include the header <stdlib.h> or explicitly provide a declaration for 'exit'
conftest.c:141:9: error: call to undeclared library function 'memset' with type 'void *(void *, int, unsigned long)'; ISO C99 and later do not support implicit function declarations [-Wimplicit-function-declaration]
  141 |         memset((void *)&sa, 0, sizeof(struct sigaction));
      |         ^
conftest.c:141:9: note: include the header <string.h> or explicitly provide a declaration for 'memset'
2 errors generated.
configure:22487: $? = 1
configure: program exited with status 1
configure: failed program was:
| /* confdefs.h.  */
| 
| #define PACKAGE_NAME ""
| #define PACKAGE_TARNAME ""
| #define PACKAGE_VERSION ""
| #define PACKAGE_STRING ""
| #define PACKAGE_BUGREPORT ""
| #define HAVE_SYS_TYPES_H 1
| #define HAVE_SYS_STAT_H 1
| #define HAVE_STDLIB_H 1
| #define HAVE_STRING_H 1
| #define HAVE_MEMORY_H 1
| #define HAVE_STRINGS_H 1
| #define HAVE_INTTYPES_H 1
| #define HAVE_STDINT_H 1
| #define HAVE_UNISTD_H 1
| #define HAVE_DLFCN_H 1
| #ifdef __cplusplus
| extern "C" void exit (int);
| #endif
| #define HAVE_STDIO_H 1
| #define HAVE_STDLIB_H 1
| #define HAVE_STDARG_H 1
| #define HAVE_STRING_H 1
| #define HAVE_SIGNAL_H 1
| #define HAVE_UNISTD_H 1
| #define HAVE_SETJMP_H 1
| #define HAVE_FCNTL_H 1
| #define HAVE_ERRNO_H 1
| #define HAVE_SYS_TYPES_H 1
| #define HAVE_SYS_TIME_H 1
| #define HAVE_SYS_WAIT_H 1
| #define HAVE_SYS_STAT_H 1
| #define HAVE_SYS_SOCKET_H 1
| #define HAVE_GETTIMEOFDAY 1
| #define HAVE_SELECT 1
| #define HAVE_SIGACTION 1
| #define HAVE_SIGPROCMASK 1
| #define HAVE_SIGPENDING 1
| #define HAVE_SIGSUSPEND 1
| #define PTH_NSIG 32
| #define HAVE_POLL 1
| #define HAVE_POLLIN 1
| #define HAVE_SYS_UIO_H 1
| #define HAVE_READV 1
| #define HAVE_WRITEV 1
| #define HAVE_USLEEP 1
| #define HAVE_STRERROR 1
| #define HAVE_SYS_RESOURCE_H 1
| #define HAVE_PATHS_H 1
| #define HAVE_SYS_SELECT_H 1
| #define HAVE_SIG_ATOMIC_T 1
| #define HAVE_PID_T 1
| #define HAVE_SIZE_T 1
| #define HAVE_SSIZE_T 1
| #define HAVE_OFF_T 1
| #define HAVE_STACK_T 1
| #define HAVE_STRUCT_TIMESPEC 1
| #define HAVE_SOCKLEN_T 1
| #define HAVE_NFDS_T 1
| #define HAVE_LONGLONG 1
| #define HAVE_LONGDOUBLE 1
| #define HAVE_MAKECONTEXT 1
| #define HAVE_SWAPCONTEXT 1
| #define HAVE_GETCONTEXT 1
| #define HAVE_SETCONTEXT 1
| #define HAVE_SIGNAL_H 1
| #define HAVE_SIGSETJMP 1
| #define HAVE_SIGLONGJMP 1
| #define HAVE_SETJMP 1
| #define HAVE_LONGJMP 1
| #define HAVE__SETJMP 1
| #define HAVE__LONGJMP 1
| #define HAVE_SIGALTSTACK 1
| /* end confdefs.h.  */
| 
| #if defined(TEST_ssjlj)
| #define __JMP_BUF          sigjmp_buf
| #define __SETJMP(buf)      sigsetjmp(buf,1)
| #define __LONGJMP(buf,val) siglongjmp(buf,val)
| #elif defined(TEST_sjlj)
| #define __JMP_BUF          jmp_buf
| #define __SETJMP(buf)      setjmp(buf)
| #define __LONGJMP(buf,val) longjmp(buf,val)
| #elif defined(TEST_usjlj)
| #define __JMP_BUF          jmp_buf
| #define __SETJMP(buf)      _setjmp(buf)
| #define __LONGJMP(buf,val) _longjmp(buf,val)
| #endif
| 
| #include <stdio.h>
| #include <sys/types.h>
| #include <signal.h>
| #include <setjmp.h>
| #include <unistd.h>
| 
| static __JMP_BUF jb;
| 
| static void sighandler(int sig)
| {
|     sigset_t sigs;
| 
|     /* get signal mask */
|     sigprocmask(SIG_SETMASK, NULL, &sigs);
| 
|     /* make sure USR1 is still blocked */
|     if (!sigismember(&sigs, SIGUSR1))
|         exit(1);
| 
|     /* block USR2 for us */
|     sigaddset(&sigs, SIGUSR2);
|     sigprocmask(SIG_SETMASK, &sigs, NULL);
| 
|     /* jump back to main */
|     __LONGJMP(jb, 1);
|     exit(1);
| }
| 
| int main(int argc, char *argv[])
| {
|     FILE *fp;
|     sigset_t sigs;
|     struct sigaction sa;
| 
|     /* the default is that it fails */
|     if ((fp = fopen("conftestval", "w")) == NULL)
|         exit(1);
|     fprintf(fp, "failed\n");
|     fclose(fp);
| 
|     /* block USR1 and unblock USR2 signal */
|     sigprocmask(SIG_SETMASK, NULL, &sigs);
|     sigaddset(&sigs, SIGUSR1);
|     sigdelset(&sigs, SIGUSR2);
|     sigprocmask(SIG_SETMASK, &sigs, NULL);
| 
|     /* set jump buffer */
|     if (__SETJMP(jb) == 0) {
| 
|         /* install signal handler for USR1 */
|         memset((void *)&sa, 0, sizeof(struct sigaction));
|         sigemptyset(&sa.sa_mask);
|         sa.sa_handler = sighandler;
|         sa.sa_flags = 0;
|         sigaction(SIGUSR1, &sa, NULL);
| 
|         /* send USR1 signal (which is still blocked) */
|         kill(getpid(), SIGUSR1);
| 
|         /* unblock USR1 and wait for it */
|         sigprocmask(SIG_SETMASK, NULL, &sigs);
|         sigdelset(&sigs, SIGUSR1);
|         sigsuspend(&sigs);
|         exit(1);
|     }
| 
|     /* get signal mask again */
|     sigprocmask(SIG_SETMASK, NULL, &sigs);
| 
|     /* make sure USR2 is again unblocked */
|     if (sigismember(&sigs, SIGUSR2))
|         exit(1);
| 
|     /* Fine... */
|     if ((fp = fopen("conftestval", "w")) == NULL)
|         exit(1);
|     fprintf(fp, "ok\n");
|     fclose(fp);
|     exit(0);
| }
| 
| 
configure:22484: gcc -o conftest -O2 -pipe -DTEST_usjlj   conftest.c  >&5
conftest.c:108:9: error: call to undeclared library function 'exit' with type 'void (int) __attribute__((noreturn))'; ISO C99 and later do not support implicit function declarations [-Wimplicit-function-declaration]
  108 |         exit(1);
      |         ^
conftest.c:108:9: note: include the header <stdlib.h> or explicitly provide a declaration for 'exit'
conftest.c:141:9: error: call to undeclared library function 'memset' with type 'void *(void *, int, unsigned long)'; ISO C99 and later do not support implicit function declarations [-Wimplicit-function-declaration]
  141 |         memset((void *)&sa, 0, sizeof(struct sigaction));
      |         ^
conftest.c:141:9: note: include the header <string.h> or explicitly provide a declaration for 'memset'
2 errors generated.
configure:22487: $? = 1
configure: program exited with status 1
configure: failed program was:
| /* confdefs.h.  */
| 
| #define PACKAGE_NAME ""
| #define PACKAGE_TARNAME ""
| #define PACKAGE_VERSION ""
| #define PACKAGE_STRING ""
| #define PACKAGE_BUGREPORT ""
| #define HAVE_SYS_TYPES_H 1
| #define HAVE_SYS_STAT_H 1
| #define HAVE_STDLIB_H 1
| #define HAVE_STRING_H 1
| #define HAVE_MEMORY_H 1
| #define HAVE_STRINGS_H 1
| #define HAVE_INTTYPES_H 1
| #define HAVE_STDINT_H 1
| #define HAVE_UNISTD_H 1
| #define HAVE_DLFCN_H 1
| #ifdef __cplusplus
| extern "C" void exit (int);
| #endif
| #define HAVE_STDIO_H 1
| #define HAVE_STDLIB_H 1
| #define HAVE_STDARG_H 1
| #define HAVE_STRING_H 1
| #define HAVE_SIGNAL_H 1
| #define HAVE_UNISTD_H 1
| #define HAVE_SETJMP_H 1
| #define HAVE_FCNTL_H 1
| #define HAVE_ERRNO_H 1
| #define HAVE_SYS_TYPES_H 1
| #define HAVE_SYS_TIME_H 1
| #define HAVE_SYS_WAIT_H 1
| #define HAVE_SYS_STAT_H 1
| #define HAVE_SYS_SOCKET_H 1
| #define HAVE_GETTIMEOFDAY 1
| #define HAVE_SELECT 1
| #define HAVE_SIGACTION 1
| #define HAVE_SIGPROCMASK 1
| #define HAVE_SIGPENDING 1
| #define HAVE_SIGSUSPEND 1
| #define PTH_NSIG 32
| #define HAVE_POLL 1
| #define HAVE_POLLIN 1
| #define HAVE_SYS_UIO_H 1
| #define HAVE_READV 1
| #define HAVE_WRITEV 1
| #define HAVE_USLEEP 1
| #define HAVE_STRERROR 1
| #define HAVE_SYS_RESOURCE_H 1
| #define HAVE_PATHS_H 1
| #define HAVE_SYS_SELECT_H 1
| #define HAVE_SIG_ATOMIC_T 1
| #define HAVE_PID_T 1
| #define HAVE_SIZE_T 1
| #define HAVE_SSIZE_T 1
| #define HAVE_OFF_T 1
| #define HAVE_STACK_T 1
| #define HAVE_STRUCT_TIMESPEC 1
| #define HAVE_SOCKLEN_T 1
| #define HAVE_NFDS_T 1
| #define HAVE_LONGLONG 1
| #define HAVE_LONGDOUBLE 1
| #define HAVE_MAKECONTEXT 1
| #define HAVE_SWAPCONTEXT 1
| #define HAVE_GETCONTEXT 1
| #define HAVE_SETCONTEXT 1
| #define HAVE_SIGNAL_H 1
| #define HAVE_SIGSETJMP 1
| #define HAVE_SIGLONGJMP 1
| #define HAVE_SETJMP 1
| #define HAVE_LONGJMP 1
| #define HAVE__SETJMP 1
| #define HAVE__LONGJMP 1
| #define HAVE_SIGALTSTACK 1
| /* end confdefs.h.  */
| 
| #if defined(TEST_ssjlj)
| #define __JMP_BUF          sigjmp_buf
| #define __SETJMP(buf)      sigsetjmp(buf,1)
| #define __LONGJMP(buf,val) siglongjmp(buf,val)
| #elif defined(TEST_sjlj)
| #define __JMP_BUF          jmp_buf
| #define __SETJMP(buf)      setjmp(buf)
| #define __LONGJMP(buf,val) longjmp(buf,val)
| #elif defined(TEST_usjlj)
| #define __JMP_BUF          jmp_buf
| #define __SETJMP(buf)      _setjmp(buf)
| #define __LONGJMP(buf,val) _longjmp(buf,val)
| #endif
| 
| #include <stdio.h>
| #include <sys/types.h>
| #include <signal.h>
| #include <setjmp.h>
| #include <unistd.h>
| 
| static __JMP_BUF jb;
| 
| static void sighandler(int sig)
| {
|     sigset_t sigs;
| 
|     /* get signal mask */
|     sigprocmask(SIG_SETMASK, NULL, &sigs);
| 
|     /* make sure USR1 is still blocked */
|     if (!sigismember(&sigs, SIGUSR1))
|         exit(1);
| 
|     /* block USR2 for us */
|     sigaddset(&sigs, SIGUSR2);
|     sigprocmask(SIG_SETMASK, &sigs, NULL);
| 
|     /* jump back to main */
|     __LONGJMP(jb, 1);
|     exit(1);
| }
| 
| int main(int argc, char *argv[])
| {
|     FILE *fp;
|     sigset_t sigs;
|     struct sigaction sa;
| 
|     /* the default is that it fails */
|     if ((fp = fopen("conftestval", "w")) == NULL)
|         exit(1);
|     fprintf(fp, "failed\n");
|     fclose(fp);
| 
|     /* block USR1 and unblock USR2 signal */
|     sigprocmask(SIG_SETMASK, NULL, &sigs);
|     sigaddset(&sigs, SIGUSR1);
|     sigdelset(&sigs, SIGUSR2);
|     sigprocmask(SIG_SETMASK, &sigs, NULL);
| 
|     /* set jump buffer */
|     if (__SETJMP(jb) == 0) {
| 
|         /* install signal handler for USR1 */
|         memset((void *)&sa, 0, sizeof(struct sigaction));
|         sigemptyset(&sa.sa_mask);
|         sa.sa_handler = sighandler;
|         sa.sa_flags = 0;
|         sigaction(SIGUSR1, &sa, NULL);
| 
|         /* send USR1 signal (which is still blocked) */
|         kill(getpid(), SIGUSR1);
| 
|         /* unblock USR1 and wait for it */
|         sigprocmask(SIG_SETMASK, NULL, &sigs);
|         sigdelset(&sigs, SIGUSR1);
|         sigsuspend(&sigs);
|         exit(1);
|     }
| 
|     /* get signal mask again */
|     sigprocmask(SIG_SETMASK, NULL, &sigs);
| 
|     /* make sure USR2 is again unblocked */
|     if (sigismember(&sigs, SIGUSR2))
|         exit(1);
| 
|     /* Fine... */
|     if ((fp = fopen("conftestval", "w")) == NULL)
|         exit(1);
|     fprintf(fp, "ok\n");
|     fclose(fp);
|     exit(0);
| }
| 
| 
configure:22550: result: yes: sjlje
configure:22683: checking for typedef stack_t
configure:22707: result: yes
configure:22718: checking for direction of stack growth
configure:22763: gcc -o conftest -O2 -pipe   conftest.c  >&5
configure:22766: $? = 0
configure:22768: ./conftest
configure:22771: $? = 0
configure:22785: result: down
configure:22816: checking for makecontext
configure:22904: result: yes
configure:22915: checking for stack setup via makecontext
configure:23072: gcc -o conftest -O2 -pipe -DTEST_makecontext   conftest.c  >&5
In file included from conftest.c:89:
/Applications/Xcode.app/Contents/Developer/Platforms/MacOSX.platform/Developer/SDKs/MacOSX.sdk/usr/include/ucontext.h:51:2: error: The deprecated ucontext routines require _XOPEN_SOURCE to be defined
   51 | #error The deprecated ucontext routines require _XOPEN_SOURCE to be defined
      |  ^
conftest.c:124:5: error: call to undeclared function 'swapcontext'; ISO C99 and later do not support implicit function declarations [-Wimplicit-function-declaration]
  124 |     swapcontext(&uc_handler, &uc_main);
      |     ^
conftest.c:177:13: error: call to undeclared library function 'getcontext' with type 'int (ucontext_t *)' (aka 'int (struct __darwin_ucontext *)'); ISO C99 and later do not support implicit function declarations [-Wimplicit-function-declaration]
  177 |         if (getcontext(&uc_handler) != 0)
      |             ^
conftest.c:177:13: note: include the header <setjmp.h> or explicitly provide a declaration for 'getcontext'
conftest.c:183:9: error: call to undeclared function 'makecontext'; ISO C99 and later do not support implicit function declarations [-Wimplicit-function-declaration]
  183 |         makecontext(&uc_handler, handler, 1);
      |         ^
conftest.c:184:9: error: call to undeclared function 'swapcontext'; ISO C99 and later do not support implicit function declarations [-Wimplicit-function-declaration]
  184 |         swapcontext(&uc_main, &uc_handler);
      |         ^
conftest.c:193:22: warning: format specifies type 'int' but the argument has type 'unsigned long' [-Wformat]
  192 |              sprintf(result, "(skaddr)+(sksize)-%d,(sksize)-%d",
      |                                                 ~~
      |                                                 %lu
  193 |                      sizeof(union alltypes), sizeof(union alltypes));
      |                      ^~~~~~~~~~~~~~~~~~~~~~
/Applications/Xcode.app/Contents/Developer/Platforms/MacOSX.platform/Developer/SDKs/MacOSX.sdk/usr/include/secure/_stdio.h:107:55: note: expanded from macro 'sprintf'
  107 | #define sprintf(str, ...) __sprintf_chk_func (str, 0, __VA_ARGS__)
      |                                                       ^~~~~~~~~~~
/Applications/Xcode.app/Contents/Developer/Platforms/MacOSX.platform/Developer/SDKs/MacOSX.sdk/usr/include/secure/_stdio.h:87:58: note: expanded from macro '__sprintf_chk_func'
   87 |         __builtin___sprintf_chk (str, flag, __darwin_obsz(str), __VA_ARGS__)
      |                                                                 ^~~~~~~~~~~
conftest.c:193:46: warning: format specifies type 'int' but the argument has type 'unsigned long' [-Wformat]
  192 |              sprintf(result, "(skaddr)+(sksize)-%d,(sksize)-%d",
      |                                                             ~~
      |                                                             %lu
  193 |                      sizeof(union alltypes), sizeof(union alltypes));
      |                                              ^~~~~~~~~~~~~~~~~~~~~~
/Applications/Xcode.app/Contents/Developer/Platforms/MacOSX.platform/Developer/SDKs/MacOSX.sdk/usr/include/secure/_stdio.h:107:55: note: expanded from macro 'sprintf'
  107 | #define sprintf(str, ...) __sprintf_chk_func (str, 0, __VA_ARGS__)
      |                                                       ^~~~~~~~~~~
/Applications/Xcode.app/Contents/Developer/Platforms/MacOSX.platform/Developer/SDKs/MacOSX.sdk/usr/include/secure/_stdio.h:87:58: note: expanded from macro '__sprintf_chk_func'
   87 |         __builtin___sprintf_chk (str, flag, __darwin_obsz(str), __VA_ARGS__)
      |                                                                 ^~~~~~~~~~~
conftest.c:200:53: warning: format specifies type 'int' but the argument has type 'unsigned long' [-Wformat]
  200 |             sprintf(result, "(skaddr),(sksize)-%d", sizeof(union alltypes));
      |                                                ~~   ^~~~~~~~~~~~~~~~~~~~~~
      |                                                %lu
/Applications/Xcode.app/Contents/Developer/Platforms/MacOSX.platform/Developer/SDKs/MacOSX.sdk/usr/include/secure/_stdio.h:107:55: note: expanded from macro 'sprintf'
  107 | #define sprintf(str, ...) __sprintf_chk_func (str, 0, __VA_ARGS__)
      |                                                       ^~~~~~~~~~~
/Applications/Xcode.app/Contents/Developer/Platforms/MacOSX.platform/Developer/SDKs/MacOSX.sdk/usr/include/secure/_stdio.h:87:58: note: expanded from macro '__sprintf_chk_func'
   87 |         __builtin___sprintf_chk (str, flag, __darwin_obsz(str), __VA_ARGS__)
      |                                                                 ^~~~~~~~~~~
3 warnings and 5 errors generated.
configure:23075: $? = 1
configure: program exited with status 1
configure: failed program was:
| /* confdefs.h.  */
| 
| #define PACKAGE_NAME ""
| #define PACKAGE_TARNAME ""
| #define PACKAGE_VERSION ""
| #define PACKAGE_STRING ""
| #define PACKAGE_BUGREPORT ""
| #define HAVE_SYS_TYPES_H 1
| #define HAVE_SYS_STAT_H 1
| #define HAVE_STDLIB_H 1
| #define HAVE_STRING_H 1
| #define HAVE_MEMORY_H 1
| #define HAVE_STRINGS_H 1
| #define HAVE_INTTYPES_H 1
| #define HAVE_STDINT_H 1
| #define HAVE_UNISTD_H 1
| #define HAVE_DLFCN_H 1
| #ifdef __cplusplus
| extern "C" void exit (int);
| #endif
| #define HAVE_STDIO_H 1
| #define HAVE_STDLIB_H 1
| #define HAVE_STDARG_H 1
| #define HAVE_STRING_H 1
| #define HAVE_SIGNAL_H 1
| #define HAVE_UNISTD_H 1
| #define HAVE_SETJMP_H 1
| #define HAVE_FCNTL_H 1
| #define HAVE_ERRNO_H 1
| #define HAVE_SYS_TYPES_H 1
| #define HAVE_SYS_TIME_H 1
| #define HAVE_SYS_WAIT_H 1
| #define HAVE_SYS_STAT_H 1
| #define HAVE_SYS_SOCKET_H 1
| #define HAVE_GETTIMEOFDAY 1
| #define HAVE_SELECT 1
| #define HAVE_SIGACTION 1
| #define HAVE_SIGPROCMASK 1
| #define HAVE_SIGPENDING 1
| #define HAVE_SIGSUSPEND 1
| #define PTH_NSIG 32
| #define HAVE_POLL 1
| #define HAVE_POLLIN 1
| #define HAVE_SYS_UIO_H 1
| #define HAVE_READV 1
| #define HAVE_WRITEV 1
| #define HAVE_USLEEP 1
| #define HAVE_STRERROR 1
| #define HAVE_SYS_RESOURCE_H 1
| #define HAVE_PATHS_H 1
| #define HAVE_SYS_SELECT_H 1
| #define HAVE_SIG_ATOMIC_T 1
| #define HAVE_PID_T 1
| #define HAVE_SIZE_T 1
| #define HAVE_SSIZE_T 1
| #define HAVE_OFF_T 1
| #define HAVE_STACK_T 1
| #define HAVE_STRUCT_TIMESPEC 1
| #define HAVE_SOCKLEN_T 1
| #define HAVE_NFDS_T 1
| #define HAVE_LONGLONG 1
| #define HAVE_LONGDOUBLE 1
| #define HAVE_MAKECONTEXT 1
| #define HAVE_SWAPCONTEXT 1
| #define HAVE_GETCONTEXT 1
| #define HAVE_SETCONTEXT 1
| #define HAVE_SIGNAL_H 1
| #define HAVE_SIGSETJMP 1
| #define HAVE_SIGLONGJMP 1
| #define HAVE_SETJMP 1
| #define HAVE_LONGJMP 1
| #define HAVE__SETJMP 1
| #define HAVE__LONGJMP 1
| #define HAVE_SIGALTSTACK 1
| #define HAVE_STACK_T 1
| #define PTH_STACKGROWTH -1
| #define HAVE_MAKECONTEXT 1
| /* end confdefs.h.  */
| 
| #include <stdio.h>
| #include <stdlib.h>
| #include <string.h>
| #if defined(TEST_sigstack) || defined(TEST_sigaltstack)
| #include <sys/types.h>
| #include <signal.h>
| #include <unistd.h>
| #endif
| #if defined(TEST_makecontext)
| #include <ucontext.h>
| #endif
| union alltypes {
|     long   l;
|     double d;
|     void  *vp;
|     void (*fp)(void);
|     char  *cp;
| };
| static volatile char *handler_addr = (char *)0xDEAD;
| #if defined(TEST_sigstack) || defined(TEST_sigaltstack)
| static volatile int handler_done = 0;
| void handler(int sig)
| {
|     char garbage[1024];
|     int i;
|     auto int dummy;
|     for (i = 0; i < 1024; i++)
|         garbage[i] = 'X';
|     handler_addr = (char *)&dummy;
|     handler_done = 1;
|     return;
| }
| #endif
| #if defined(TEST_makecontext)
| static ucontext_t uc_handler;
| static ucontext_t uc_main;
| void handler(void)
| {
|     char garbage[1024];
|     int i;
|     auto int dummy;
|     for (i = 0; i < 1024; i++)
|         garbage[i] = 'X';
|     handler_addr = (char *)&dummy;
|     swapcontext(&uc_handler, &uc_main);
|     return;
| }
| #endif
| int main(int argc, char *argv[])
| {
|     FILE *f;
|     char *skaddr;
|     char *skbuf;
|     int sksize;
|     char result[1024];
|     int i;
|     sksize = 32768;
|     skbuf = (char *)malloc(sksize*2+2*sizeof(union alltypes));
|     if (skbuf == NULL)
|         exit(1);
|     for (i = 0; i < sksize*2+2*sizeof(union alltypes); i++)
|         skbuf[i] = 'A';
|     skaddr = skbuf+sizeof(union alltypes);
| #if defined(TEST_sigstack) || defined(TEST_sigaltstack)
|     {
|         struct sigaction sa;
| #if defined(TEST_sigstack)
|         struct sigstack ss;
| #elif defined(TEST_sigaltstack) && defined(HAVE_STACK_T)
|         stack_t ss;
| #else
|         struct sigaltstack ss;
| #endif
| #if defined(TEST_sigstack)
|         ss.ss_sp      = (void *)(skaddr + sksize);
|         ss.ss_onstack = 0;
|         if (sigstack(&ss, NULL) < 0)
|             exit(1);
| #elif defined(TEST_sigaltstack)
|         ss.ss_sp    = (void *)(skaddr + sksize);
|         ss.ss_size  = sksize;
|         ss.ss_flags = 0;
|         if (sigaltstack(&ss, NULL) < 0)
|             exit(1);
| #endif
|         memset((void *)&sa, 0, sizeof(struct sigaction));
|         sa.sa_handler = handler;
|         sa.sa_flags = SA_ONSTACK;
|         sigemptyset(&sa.sa_mask);
|         sigaction(SIGUSR1, &sa, NULL);
|         kill(getpid(), SIGUSR1);
|         while (!handler_done)
|             /*nop*/;
|     }
| #endif
| #if defined(TEST_makecontext)
|     {
|         if (getcontext(&uc_handler) != 0)
|             exit(1);
|         uc_handler.uc_link = NULL;
|         uc_handler.uc_stack.ss_sp    = (void *)(skaddr + sksize);
|         uc_handler.uc_stack.ss_size  = sksize;
|         uc_handler.uc_stack.ss_flags = 0;
|         makecontext(&uc_handler, handler, 1);
|         swapcontext(&uc_main, &uc_handler);
|     }
| #endif
|     if (handler_addr == (char *)0xDEAD)
|         exit(1);
|     if (handler_addr < skaddr+sksize) {
|         /* stack was placed into lower area */
|         if (*(skaddr+sksize) != 'A')
|              sprintf(result, "(skaddr)+(sksize)-%d,(sksize)-%d",
|                      sizeof(union alltypes), sizeof(union alltypes));
|         else
|              strcpy(result, "(skaddr)+(sksize),(sksize)");
|     }
|     else {
|         /* stack was placed into higher area */
|         if (*(skaddr+sksize*2) != 'A')
|             sprintf(result, "(skaddr),(sksize)-%d", sizeof(union alltypes));
|         else
|             strcpy(result, "(skaddr),(sksize)");
|     }
|     if ((f = fopen("conftestval", "w")) == NULL)
|         exit(1);
|     fprintf(f, "%s\n", result);
|     fclose(f);
|     exit(0);
| }
| 
configure:23107: result: guessed
configure:23126: checking for sigaltstack
configure:23214: result: yes
configure:23229: checking for typedef stack_t
configure:23253: result: yes
configure:23266: checking for stack setup via sigaltstack
configure:23423: gcc -o conftest -O2 -pipe -DTEST_sigaltstack   conftest.c  >&5
conftest.c:195:22: warning: format specifies type 'int' but the argument has type 'unsigned long' [-Wformat]
  194 |              sprintf(result, "(skaddr)+(sksize)-%d,(sksize)-%d",
      |                                                 ~~
      |                                                 %lu
  195 |                      sizeof(union alltypes), sizeof(union alltypes));
      |                      ^~~~~~~~~~~~~~~~~~~~~~
/Applications/Xcode.app/Contents/Developer/Platforms/MacOSX.platform/Developer/SDKs/MacOSX.sdk/usr/include/secure/_stdio.h:107:55: note: expanded from macro 'sprintf'
  107 | #define sprintf(str, ...) __sprintf_chk_func (str, 0, __VA_ARGS__)
      |                                                       ^~~~~~~~~~~
/Applications/Xcode.app/Contents/Developer/Platforms/MacOSX.platform/Developer/SDKs/MacOSX.sdk/usr/include/secure/_stdio.h:87:58: note: expanded from macro '__sprintf_chk_func'
   87 |         __builtin___sprintf_chk (str, flag, __darwin_obsz(str), __VA_ARGS__)
      |                                                                 ^~~~~~~~~~~
conftest.c:195:46: warning: format specifies type 'int' but the argument has type 'unsigned long' [-Wformat]
  194 |              sprintf(result, "(skaddr)+(sksize)-%d,(sksize)-%d",
      |                                                             ~~
      |                                                             %lu
  195 |                      sizeof(union alltypes), sizeof(union alltypes));
      |                                              ^~~~~~~~~~~~~~~~~~~~~~
/Applications/Xcode.app/Contents/Developer/Platforms/MacOSX.platform/Developer/SDKs/MacOSX.sdk/usr/include/secure/_stdio.h:107:55: note: expanded from macro 'sprintf'
  107 | #define sprintf(str, ...) __sprintf_chk_func (str, 0, __VA_ARGS__)
      |                                                       ^~~~~~~~~~~
/Applications/Xcode.app/Contents/Developer/Platforms/MacOSX.platform/Developer/SDKs/MacOSX.sdk/usr/include/secure/_stdio.h:87:58: note: expanded from macro '__sprintf_chk_func'
   87 |         __builtin___sprintf_chk (str, flag, __darwin_obsz(str), __VA_ARGS__)
      |                                                                 ^~~~~~~~~~~
conftest.c:202:53: warning: format specifies type 'int' but the argument has type 'unsigned long' [-Wformat]
  202 |             sprintf(result, "(skaddr),(sksize)-%d", sizeof(union alltypes));
      |                                                ~~   ^~~~~~~~~~~~~~~~~~~~~~
      |                                                %lu
/Applications/Xcode.app/Contents/Developer/Platforms/MacOSX.platform/Developer/SDKs/MacOSX.sdk/usr/include/secure/_stdio.h:107:55: note: expanded from macro 'sprintf'
  107 | #define sprintf(str, ...) __sprintf_chk_func (str, 0, __VA_ARGS__)
      |                                                       ^~~~~~~~~~~
/Applications/Xcode.app/Contents/Developer/Platforms/MacOSX.platform/Developer/SDKs/MacOSX.sdk/usr/include/secure/_stdio.h:87:58: note: expanded from macro '__sprintf_chk_func'
   87 |         __builtin___sprintf_chk (str, flag, __darwin_obsz(str), __VA_ARGS__)
      |                                                                 ^~~~~~~~~~~
3 warnings generated.
configure:23426: $? = 0
configure:23428: ./conftest
configure:23431: $? = 0
configure:23458: result: ok
configure:23476: checking for sigstack
configure:23564: result: no
configure:23575: checking for stack setup via sigstack
configure:23767: result: N.A.
configure:23833: result: decision on mctx implementation... [1msjlj/sjlje/sas[m
configure:23856: result: 
configure:23858: result: [1mSystem Call Mapping:[m
configure:23878: checking sys/syscall.h usability
configure:23890: gcc -c -O2 -pipe  conftest.c >&5
configure:23896: $? = 0
configure:23900: test -z 
			 || test ! -s conftest.err
configure:23903: $? = 0
configure:23906: test -s conftest.o
configure:23909: $? = 0
configure:23919: result: yes
configure:23923: checking sys/syscall.h presence
configure:23933: gcc -E  conftest.c
configure:23939: $? = 0
configure:23959: result: yes
configure:23994: checking for sys/syscall.h
configure:24001: result: yes
configure:23878: checking sys/socketcall.h usability
configure:23890: gcc -c -O2 -pipe  conftest.c >&5
conftest.c:119:10: fatal error: 'sys/socketcall.h' file not found
  119 | #include <sys/socketcall.h>
      |          ^~~~~~~~~~~~~~~~~~
1 error generated.
configure:23896: $? = 1
configure: failed program was:
| /* confdefs.h.  */
| 
| #define PACKAGE_NAME ""
| #define PACKAGE_TARNAME ""
| #define PACKAGE_VERSION ""
| #define PACKAGE_STRING ""
| #define PACKAGE_BUGREPORT ""
| #define HAVE_SYS_TYPES_H 1
| #define HAVE_SYS_STAT_H 1
| #define HAVE_STDLIB_H 1
| #define HAVE_STRING_H 1
| #define HAVE_MEMORY_H 1
| #define HAVE_STRINGS_H 1
| #define HAVE_INTTYPES_H 1
| #define HAVE_STDINT_H 1
| #define HAVE_UNISTD_H 1
| #define HAVE_DLFCN_H 1
| #ifdef __cplusplus
| extern "C" void exit (int);
| #endif
| #define HAVE_STDIO_H 1
| #define HAVE_STDLIB_H 1
| #define HAVE_STDARG_H 1
| #define HAVE_STRING_H 1
| #define HAVE_SIGNAL_H 1
| #define HAVE_UNISTD_H 1
| #define HAVE_SETJMP_H 1
| #define HAVE_FCNTL_H 1
| #define HAVE_ERRNO_H 1
| #define HAVE_SYS_TYPES_H 1
| #define HAVE_SYS_TIME_H 1
| #define HAVE_SYS_WAIT_H 1
| #define HAVE_SYS_STAT_H 1
| #define HAVE_SYS_SOCKET_H 1
| #define HAVE_GETTIMEOFDAY 1
| #define HAVE_SELECT 1
| #define HAVE_SIGACTION 1
| #define HAVE_SIGPROCMASK 1
| #define HAVE_SIGPENDING 1
| #define HAVE_SIGSUSPEND 1
| #define PTH_NSIG 32
| #define HAVE_POLL 1
| #define HAVE_POLLIN 1
| #define HAVE_SYS_UIO_H 1
| #define HAVE_READV 1
| #define HAVE_WRITEV 1
| #define HAVE_USLEEP 1
| #define HAVE_STRERROR 1
| #define HAVE_SYS_RESOURCE_H 1
| #define HAVE_PATHS_H 1
| #define HAVE_SYS_SELECT_H 1
| #define HAVE_SIG_ATOMIC_T 1
| #define HAVE_PID_T 1
| #define HAVE_SIZE_T 1
| #define HAVE_SSIZE_T 1
| #define HAVE_OFF_T 1
| #define HAVE_STACK_T 1
| #define HAVE_STRUCT_TIMESPEC 1
| #define HAVE_SOCKLEN_T 1
| #define HAVE_NFDS_T 1
| #define HAVE_LONGLONG 1
| #define HAVE_LONGDOUBLE 1
| #define HAVE_MAKECONTEXT 1
| #define HAVE_SWAPCONTEXT 1
| #define HAVE_GETCONTEXT 1
| #define HAVE_SETCONTEXT 1
| #define HAVE_SIGNAL_H 1
| #define HAVE_SIGSETJMP 1
| #define HAVE_SIGLONGJMP 1
| #define HAVE_SETJMP 1
| #define HAVE_LONGJMP 1
| #define HAVE__SETJMP 1
| #define HAVE__LONGJMP 1
| #define HAVE_SIGALTSTACK 1
| #define HAVE_STACK_T 1
| #define PTH_STACKGROWTH -1
| #define HAVE_MAKECONTEXT 1
| #define HAVE_SIGALTSTACK 1
| #define HAVE_STACK_T 1
| #define PTH_MCTX_MTH_use PTH_MCTX_MTH_sjlj
| #define PTH_MCTX_DSP_use PTH_MCTX_DSP_sjlje
| #define PTH_MCTX_STK_use PTH_MCTX_STK_sas
| #define HAVE_SYS_SYSCALL_H 1
| /* end confdefs.h.  */
| #include <stdio.h>
| #if HAVE_SYS_TYPES_H
| # include <sys/types.h>
| #endif
| #if HAVE_SYS_STAT_H
| # include <sys/stat.h>
| #endif
| #if STDC_HEADERS
| # include <stdlib.h>
| # include <stddef.h>
| #else
| # if HAVE_STDLIB_H
| #  include <stdlib.h>
| # endif
| #endif
| #if HAVE_STRING_H
| # if !STDC_HEADERS && HAVE_MEMORY_H
| #  include <memory.h>
| # endif
| # include <string.h>
| #endif
| #if HAVE_STRINGS_H
| # include <strings.h>
| #endif
| #if HAVE_INTTYPES_H
| # include <inttypes.h>
| #else
| # if HAVE_STDINT_H
| #  include <stdint.h>
| # endif
| #endif
| #if HAVE_UNISTD_H
| # include <unistd.h>
| #endif
| #include <sys/socketcall.h>
configure:23919: result: no
configure:23923: checking sys/socketcall.h presence
configure:23933: gcc -E  conftest.c
conftest.c:85:10: fatal error: 'sys/socketcall.h' file not found
   85 | #include <sys/socketcall.h>
      |          ^~~~~~~~~~~~~~~~~~
1 error generated.
configure:23939: $? = 1
configure: failed program was:
| /* confdefs.h.  */
| 
| #define PACKAGE_NAME ""
| #define PACKAGE_TARNAME ""
| #define PACKAGE_VERSION ""
| #define PACKAGE_STRING ""
| #define PACKAGE_BUGREPORT ""
| #define HAVE_SYS_TYPES_H 1
| #define HAVE_SYS_STAT_H 1
| #define HAVE_STDLIB_H 1
| #define HAVE_STRING_H 1
| #define HAVE_MEMORY_H 1
| #define HAVE_STRINGS_H 1
| #define HAVE_INTTYPES_H 1
| #define HAVE_STDINT_H 1
| #define HAVE_UNISTD_H 1
| #define HAVE_DLFCN_H 1
| #ifdef __cplusplus
| extern "C" void exit (int);
| #endif
| #define HAVE_STDIO_H 1
| #define HAVE_STDLIB_H 1
| #define HAVE_STDARG_H 1
| #define HAVE_STRING_H 1
| #define HAVE_SIGNAL_H 1
| #define HAVE_UNISTD_H 1
| #define HAVE_SETJMP_H 1
| #define HAVE_FCNTL_H 1
| #define HAVE_ERRNO_H 1
| #define HAVE_SYS_TYPES_H 1
| #define HAVE_SYS_TIME_H 1
| #define HAVE_SYS_WAIT_H 1
| #define HAVE_SYS_STAT_H 1
| #define HAVE_SYS_SOCKET_H 1
| #define HAVE_GETTIMEOFDAY 1
| #define HAVE_SELECT 1
| #define HAVE_SIGACTION 1
| #define HAVE_SIGPROCMASK 1
| #define HAVE_SIGPENDING 1
| #define HAVE_SIGSUSPEND 1
| #define PTH_NSIG 32
| #define HAVE_POLL 1
| #define HAVE_POLLIN 1
| #define HAVE_SYS_UIO_H 1
| #define HAVE_READV 1
| #define HAVE_WRITEV 1
| #define HAVE_USLEEP 1
| #define HAVE_STRERROR 1
| #define HAVE_SYS_RESOURCE_H 1
| #define HAVE_PATHS_H 1
| #define HAVE_SYS_SELECT_H 1
| #define HAVE_SIG_ATOMIC_T 1
| #define HAVE_PID_T 1
| #define HAVE_SIZE_T 1
| #define HAVE_SSIZE_T 1
| #define HAVE_OFF_T 1
| #define HAVE_STACK_T 1
| #define HAVE_STRUCT_TIMESPEC 1
| #define HAVE_SOCKLEN_T 1
| #define HAVE_NFDS_T 1
| #define HAVE_LONGLONG 1
| #define HAVE_LONGDOUBLE 1
| #define HAVE_MAKECONTEXT 1
| #define HAVE_SWAPCONTEXT 1
| #define HAVE_GETCONTEXT 1
| #define HAVE_SETCONTEXT 1
| #define HAVE_SIGNAL_H 1
| #define HAVE_SIGSETJMP 1
| #define HAVE_SIGLONGJMP 1
| #define HAVE_SETJMP 1
| #define HAVE_LONGJMP 1
| #define HAVE__SETJMP 1
| #define HAVE__LONGJMP 1
| #define HAVE_SIGALTSTACK 1
| #define HAVE_STACK_T 1
| #define PTH_STACKGROWTH -1
| #define HAVE_MAKECONTEXT 1
| #define HAVE_SIGALTSTACK 1
| #define HAVE_STACK_T 1
| #define PTH_MCTX_MTH_use PTH_MCTX_MTH_sjlj
| #define PTH_MCTX_DSP_use PTH_MCTX_DSP_sjlje
| #define PTH_MCTX_STK_use PTH_MCTX_STK_sas
| #define HAVE_SYS_SYSCALL_H 1
| /* end confdefs.h.  */
| #include <sys/socketcall.h>
configure:23959: result: no
configure:23994: checking for sys/socketcall.h
configure:24001: result: no
configure:24018: checking for syscall
configure:24075: gcc -o conftest -O2 -pipe   conftest.c  >&5
configure:24081: $? = 0
configure:24085: test -z 
			 || test ! -s conftest.err
configure:24088: $? = 0
configure:24091: test -s conftest
configure:24094: $? = 0
configure:24106: result: yes
configure:24116: checking for define SYS_read in sys/syscall.h
configure:24143: result: yes
configure:24159: checking for dlfcn.h
configure:24164: result: yes
configure:24305: checking for dlsym in -ldl
configure:24335: gcc -o conftest -O2 -pipe   conftest.c -ldl   >&5
configure:24341: $? = 0
configure:24345: test -z 
			 || test ! -s conftest.err
configure:24348: $? = 0
configure:24351: test -s conftest
configure:24354: $? = 0
configure:24367: result: yes
configure:24384: checking for dlopen
configure:24441: gcc -o conftest -O2 -pipe   conftest.c -ldl  >&5
configure:24447: $? = 0
configure:24451: test -z 
			 || test ! -s conftest.err
configure:24454: $? = 0
configure:24457: test -s conftest
configure:24460: $? = 0
configure:24472: result: yes
configure:24384: checking for dlsym
configure:24441: gcc -o conftest -O2 -pipe   conftest.c -ldl  >&5
configure:24447: $? = 0
configure:24451: test -z 
			 || test ! -s conftest.err
configure:24454: $? = 0
configure:24457: test -s conftest
configure:24460: $? = 0
configure:24472: result: yes
configure:24384: checking for dlclose
configure:24441: gcc -o conftest -O2 -pipe   conftest.c -ldl  >&5
configure:24447: $? = 0
configure:24451: test -z 
			 || test ! -s conftest.err
configure:24454: $? = 0
configure:24457: test -s conftest
configure:24460: $? = 0
configure:24472: result: yes
configure:24482: checking for define RTLD_NEXT in dlfcn.h
configure:24509: result: yes
configure:24520: checking for syscall dynamic libraries
configure:24544: result: 
configure:24552: checking whether soft system call mapping is used
configure:24570: result: no
configure:24574: checking whether hard system call mapping is used
configure:24628: result: no
configure:24640: result: 
configure:24642: result: [1mBuild Parameters:[m
configure:24647: checking whether to activate batch build mode
configure:24659: result: no
configure:24664: checking whether to activate maintainer build targets
configure:24673: result: no
configure:24678: checking whether to activate test build targets
configure:24687: result: yes
configure:24695: checking whether to build Pthread library
configure:24706: result: no
configure:25210: checking whether to build against external OSSP ex library
configure:25221: result: no
configure:25536: checking whether to build against external Sfio library
configure:25543: result: no
configure:25858: checking whether to build against external Dmalloc library
configure:25869: result: no
configure:25875: result: 
configure:25877: result: [1mOutput Substitution:[m
configure:25979: creating ./config.status

## ---------------------- ##
## Running config.status. ##
## ---------------------- ##

This file was extended by config.status, which was
generated by GNU Autoconf 2.59 (OpenPKG-CURRENT).  Invocation command line was

  CONFIG_FILES    = 
  CONFIG_HEADERS  = 
  CONFIG_LINKS    = 
  CONFIG_COMMANDS = 
  $ ./config.status 

on MacBook-Air-de-Abdel.local

config.status:716: creating Makefile
config.status:716: creating pthread-config
config.status:716: creating pthread.h
config.status:716: creating pth-config
config.status:716: creating pth.h
config.status:716: creating pth_acmac.h
config.status:819: creating pth_acdef.h
config.status:1259: executing default commands

## ---------------- ##
## Cache variables. ##
## ---------------- ##

ac_cv_argtype_accept3='socklen_t *'
ac_cv_argtype_poll2=nfds_t
ac_cv_build=arm-apple-darwin25.2.0
ac_cv_build_alias=arm-apple-darwin25.2.0
ac_cv_c_compiler_gnu=yes
ac_cv_check_mcsc=no
ac_cv_check_nfdstype=nfds_t
ac_cv_check_sjlj=sjlje
ac_cv_check_socklentype=socklen_t
ac_cv_check_stackgrowth=down
ac_cv_compiler_option_pipe=yes
ac_cv_cxx_compiler_gnu=yes
ac_cv_define_POLLIN=yes
ac_cv_define_RTLD_NEXT=yes
ac_cv_define_SYS_read=yes
ac_cv_env_CC_set=
ac_cv_env_CC_value=
ac_cv_env_CFLAGS_set=
ac_cv_env_CFLAGS_value=
ac_cv_env_CPPFLAGS_set=
ac_cv_env_CPPFLAGS_value=
ac_cv_env_CPP_set=
ac_cv_env_CPP_value=
ac_cv_env_CXXCPP_set=
ac_cv_env_CXXCPP_value=
ac_cv_env_CXXFLAGS_set=
ac_cv_env_CXXFLAGS_value=
ac_cv_env_CXX_set=
ac_cv_env_CXX_value=
ac_cv_env_F77_set=
ac_cv_env_F77_value=
ac_cv_env_FFLAGS_set=
ac_cv_env_FFLAGS_value=
ac_cv_env_LDFLAGS_set=
ac_cv_env_LDFLAGS_value=
ac_cv_env_build_alias_set=
ac_cv_env_build_alias_value=
ac_cv_env_host_alias_set=
ac_cv_env_host_alias_value=
ac_cv_env_target_alias_set=
ac_cv_env_target_alias_value=
ac_cv_exeext=
ac_cv_f77_compiler_gnu=yes
ac_cv_func__longjmp=yes
ac_cv_func__setjmp=yes
ac_cv_func_dlclose=yes
ac_cv_func_dlopen=yes
ac_cv_func_dlsym=yes
ac_cv_func_getcontext=yes
ac_cv_func_gettimeofday=yes
ac_cv_func_longjmp=yes
ac_cv_func_makecontext=yes
ac_cv_func_poll=yes
ac_cv_func_readv=yes
ac_cv_func_select=yes
ac_cv_func_setcontext=yes
ac_cv_func_setjmp=yes
ac_cv_func_sigaction=yes
ac_cv_func_sigaltstack=yes
ac_cv_func_siglongjmp=yes
ac_cv_func_sigpending=yes
ac_cv_func_sigprocmask=yes
ac_cv_func_sigsetjmp=yes
ac_cv_func_sigstack=no
ac_cv_func_sigsuspend=yes
ac_cv_func_strerror=yes
ac_cv_func_swapcontext=yes
ac_cv_func_syscall=yes
ac_cv_func_usleep=yes
ac_cv_func_writev=yes
ac_cv_header_dlfcn_h=yes
ac_cv_header_errno_h=yes
ac_cv_header_fcntl_h=yes
ac_cv_header_inttypes_h=yes
ac_cv_header_memory_h=yes
ac_cv_header_net_errno_h=no
ac_cv_header_paths_h=yes
ac_cv_header_setjmp_h=yes
ac_cv_header_signal_h=yes
ac_cv_header_stdarg_h=yes
ac_cv_header_stdc=no
ac_cv_header_stdint_h=yes
ac_cv_header_stdio_h=yes
ac_cv_header_stdlib_h=yes
ac_cv_header_string_h=yes
ac_cv_header_strings_h=yes
ac_cv_header_sys_resource_h=yes
ac_cv_header_sys_select_h=yes
ac_cv_header_sys_socket_h=yes
ac_cv_header_sys_socketcall_h=no
ac_cv_header_sys_stat_h=yes
ac_cv_header_sys_syscall_h=yes
ac_cv_header_sys_time_h=yes
ac_cv_header_sys_types_h=yes
ac_cv_header_sys_uio_h=yes
ac_cv_header_sys_wait_h=yes
ac_cv_header_ucontext_h=no
ac_cv_header_unistd_h=yes
ac_cv_host=arm-apple-darwin25.2.0
ac_cv_host_alias=arm-apple-darwin25.2.0
ac_cv_lib_dl_dlsym=yes
ac_cv_lib_nsl_gethostbyname=no
ac_cv_lib_nsl_gethostname=no
ac_cv_lib_socket_accept=no
ac_cv_objext=o
ac_cv_prog_CPP='gcc -E'
ac_cv_prog_CXXCPP='g++ -E'
ac_cv_prog_ac_ct_AR=ar
ac_cv_prog_ac_ct_CC=gcc
ac_cv_prog_ac_ct_CXX=g++
ac_cv_prog_ac_ct_F77=gfortran
ac_cv_prog_ac_ct_RANLIB=ranlib
ac_cv_prog_ac_ct_STRIP=strip
ac_cv_prog_cc_g=yes
ac_cv_prog_cc_stdc=
ac_cv_prog_cxx_g=yes
ac_cv_prog_egrep='grep -E'
ac_cv_prog_f77_g=yes
ac_cv_prog_make_make_set=yes
ac_cv_stacksetup_makecontext='guessed:(skaddr),(sksize)'
ac_cv_stacksetup_sigaltstack='ok:(skaddr),(sksize)'
ac_cv_stacksetup_sigstack='N.A.:/*N.A.*/,/*N.A.*/'
ac_cv_structattr_ss_base=no
ac_cv_structattr_ss_sp=no
ac_cv_type_longdouble=yes
ac_cv_type_longlong=yes
ac_cv_typedef_nfds_t=yes
ac_cv_typedef_off_t=yes
ac_cv_typedef_pid_t=yes
ac_cv_typedef_sig_atomic_t=yes
ac_cv_typedef_size_t=yes
ac_cv_typedef_socklen_t=yes
ac_cv_typedef_ssize_t=yes
ac_cv_typedef_stack_t=yes
lt_cv_deplibs_check_method=pass_all
lt_cv_file_magic_cmd='$MAGIC_CMD'
lt_cv_file_magic_test_file=
lt_cv_ld_reload_flag=-r
lt_cv_objdir=.libs
lt_cv_path_LD=/Applications/Xcode.app/Contents/Developer/Toolchains/XcodeDefault.xctoolchain/usr/bin/ld
lt_cv_path_LDCXX=/Applications/Xcode.app/Contents/Developer/Toolchains/XcodeDefault.xctoolchain/usr/bin/ld
lt_cv_path_NM='/usr/bin/nm -B'
lt_cv_path_SED=/opt/homebrew/bin/gsed
lt_cv_prog_compiler_c_o=yes
lt_cv_prog_compiler_c_o_CXX=yes
lt_cv_prog_compiler_c_o_F77=yes
lt_cv_prog_compiler_rtti_exceptions=yes
lt_cv_prog_gnu_ld=no
lt_cv_prog_gnu_ldcxx=no
lt_cv_sys_global_symbol_pipe='sed -n -e '\''s/^.*[ 	]\([ABCDGIRSTW][ABCDGIRSTW]*\)[ 	][ 	]*_\([_A-Za-z][_A-Za-z0-9]*\)$/\1 _\2 \2/p'\'''
lt_cv_sys_global_symbol_to_c_name_address='sed -n -e '\''s/^: \([^ ]*\) $/  {\"\1\", (lt_ptr) 0},/p'\'' -e '\''s/^[BCDEGRST] \([^ ]*\) \([^ ]*\)$/  {"\2", (lt_ptr) \&\2},/p'\'''
lt_cv_sys_global_symbol_to_cdecl='sed -n -e '\''s/^. .* \(.*\)$/extern int \1;/p'\'''
lt_cv_sys_max_cmd_len=786432
lt_lt_cv_prog_compiler_c_o='"yes"'
lt_lt_cv_prog_compiler_c_o_CXX='"yes"'
lt_lt_cv_prog_compiler_c_o_F77='"yes"'
lt_lt_cv_sys_global_symbol_pipe='"sed -n -e '\''s/^.*[ 	]\\([ABCDGIRSTW][ABCDGIRSTW]*\\)[ 	][ 	]*_\\([_A-Za-z][_A-Za-z0-9]*\\)\$/\\1 _\\2 \\2/p'\''"'
lt_lt_cv_sys_global_symbol_to_c_name_address='"sed -n -e '\''s/^: \\([^ ]*\\) \$/  {\\\"\\1\\\", (lt_ptr) 0},/p'\'' -e '\''s/^[BCDEGRST] \\([^ ]*\\) \\([^ ]*\\)\$/  {\"\\2\", (lt_ptr) \\&\\2},/p'\''"'
lt_lt_cv_sys_global_symbol_to_cdecl='"sed -n -e '\''s/^. .* \\(.*\\)\$/extern int \\1;/p'\''"'

## ----------------- ##
## Output variables. ##
## ----------------- ##

AR='ar'
BATCH='no'
CC='gcc'
CFLAGS='-O2 -pipe'
CPP='gcc -E'
CPPFLAGS=''
CXX='g++'
CXXCPP='g++ -E'
CXXFLAGS='-g -O2'
DEFS='-DHAVE_CONFIG_H'
ECHO='/bin/echo'
ECHO_C='ECHO_N=''
ECHO_T=''
EGREP='grep -E'
EXEEXT=''
EXTRA_INCLUDE_SYS_SELECT_H='#include <sys/select.h>'
F77='gfortran'
FALLBACK_NFDS_T='/* typedef nfds_t nfds_t; */'
FALLBACK_OFF_T='/* typedef int off_t; */'
FALLBACK_PID_T='/* typedef int pid_t; */'
FALLBACK_SIG_ATOMIC_T='/* typedef int sig_atomic_t; */'
FALLBACK_SIZE_T='/* typedef unsigned int size_t; */'
FALLBACK_SOCKLEN_T='/* typedef socklen_t socklen_t; */'
FALLBACK_SSIZE_T='/* typedef unsigned int ssize_t; */'
FFLAGS='-g -O2'
INSTALL_PTHREAD=''
LDFLAGS=''
LIBOBJS=''
LIBPTHREAD_A=''
LIBPTHREAD_LA=''
LIBS='-ldl '
LIBTOOL='$(SHELL) $(top_builddir)/libtool'
LN_S='ln -s'
LTLIBOBJS=''
OBJEXT='o'
PACKAGE_BUGREPORT=''
PACKAGE_NAME=''
PACKAGE_STRING=''
PACKAGE_TARNAME=''
PACKAGE_VERSION=''
PATH_SEPARATOR=':'
PLATFORM='arm-apple-darwin25.2.0'
PTHREAD_3=''
PTHREAD_CONFIG_1=''
PTHREAD_O=''
PTH_EXT_SFIO='0'
PTH_FAKE_POLL='0'
PTH_FAKE_RWV='0'
PTH_FDSETSIZE='1024'
PTH_MCTX_ID='sjlj/sjlje/sas'
PTH_STACK_GROWTH='down'
PTH_SYSCALL_HARD='0'
PTH_SYSCALL_SOFT='0'
PTH_VERSION_HEX='0x200207'
PTH_VERSION_STR='2.0.7 (08-Jun-2006)'
RANLIB='ranlib'
SET_MAKE=''
SHELL='/bin/sh'
STRIP='strip'
TARGET_ALL='$(TARGET_PREQ) $(TARGET_LIBS) $(TARGET_TEST)'
TEST_PTHREAD=''
UNINSTALL_PTHREAD=''
ac_ct_AR='ar'
ac_ct_CC='gcc'
ac_ct_CXX='g++'
ac_ct_F77='gfortran'
ac_ct_RANLIB='ranlib'
ac_ct_STRIP='strip'
bindir='${exec_prefix}/bin'
build='arm-apple-darwin25.2.0'
build_alias=''
build_cpu='arm'
build_os='darwin25.2.0'
build_vendor='apple'
datadir='${prefix}/share'
exec_prefix='${prefix}'
host='arm-apple-darwin25.2.0'
host_alias=''
host_cpu='arm'
host_os='darwin25.2.0'
host_vendor='apple'
includedir='${prefix}/include'
infodir='${prefix}/info'
libdir='${exec_prefix}/lib'
libexecdir='${exec_prefix}/libexec'
localstatedir='${prefix}/var'
mandir='${prefix}/man'
oldincludedir='/usr/include'
prefix='/Users/yahdhih/etudes/S4/Personal_study-/Programmation_à_base_de_threads/PBT-MPP-TD2-ETUDIANT-2/pth-2.0.7/install'
program_transform_name='s,x,x,'
pth_sigjmpbuf='#define pth_sigjmpbuf jmp_buf'
pth_siglongjmp='#define pth_siglongjmp(buf,val) longjmp(buf,val)'
pth_sigsetjmp='#define pth_sigsetjmp(buf) setjmp(buf)'
pth_skaddr_makecontext='#define pth_skaddr_makecontext(skaddr,sksize) ((skaddr))'
pth_skaddr_sigaltstack='#define pth_skaddr_sigaltstack(skaddr,sksize) ((skaddr))'
pth_skaddr_sigstack='#define pth_skaddr_sigstack(skaddr,sksize) (/*N.A.*/)'
pth_sksize_makecontext='#define pth_sksize_makecontext(skaddr,sksize) ((sksize))'
pth_sksize_sigaltstack='#define pth_sksize_sigaltstack(skaddr,sksize) ((sksize))'
pth_sksize_sigstack='#define pth_sksize_sigstack(skaddr,sksize) (/*N.A.*/)'
sbindir='${exec_prefix}/sbin'
sharedstatedir='${prefix}/com'
srcdir_prefix=''
sysconfdir='${prefix}/etc'
target_alias=''

## ----------- ##
## confdefs.h. ##
## ----------- ##

#define HAVE_DLCLOSE 1
#define HAVE_DLFCN_H 1
#define HAVE_DLFCN_H 1
#define HAVE_DLOPEN 1
#define HAVE_DLSYM 1
#define HAVE_ERRNO_H 1
#define HAVE_FCNTL_H 1
#define HAVE_GETCONTEXT 1
#define HAVE_GETTIMEOFDAY 1
#define HAVE_INTTYPES_H 1
#define HAVE_LIBDL 1
#define HAVE_LONGDOUBLE 1
#define HAVE_LONGJMP 1
#define HAVE_LONGLONG 1
#define HAVE_MAKECONTEXT 1
#define HAVE_MAKECONTEXT 1
#define HAVE_MEMORY_H 1
#define HAVE_NFDS_T 1
#define HAVE_OFF_T 1
#define HAVE_PATHS_H 1
#define HAVE_PID_T 1
#define HAVE_POLL 1
#define HAVE_POLLIN 1
#define HAVE_READV 1
#define HAVE_RTLD_NEXT 1
#define HAVE_SELECT 1
#define HAVE_SETCONTEXT 1
#define HAVE_SETJMP 1
#define HAVE_SETJMP_H 1
#define HAVE_SIGACTION 1
#define HAVE_SIGALTSTACK 1
#define HAVE_SIGALTSTACK 1
#define HAVE_SIGLONGJMP 1
#define HAVE_SIGNAL_H 1
#define HAVE_SIGNAL_H 1
#define HAVE_SIGPENDING 1
#define HAVE_SIGPROCMASK 1
#define HAVE_SIGSETJMP 1
#define HAVE_SIGSUSPEND 1
#define HAVE_SIG_ATOMIC_T 1
#define HAVE_SIZE_T 1
#define HAVE_SOCKLEN_T 1
#define HAVE_SSIZE_T 1
#define HAVE_STACK_T 1
#define HAVE_STACK_T 1
#define HAVE_STACK_T 1
#define HAVE_STDARG_H 1
#define HAVE_STDINT_H 1
#define HAVE_STDIO_H 1
#define HAVE_STDLIB_H 1
#define HAVE_STDLIB_H 1
#define HAVE_STRERROR 1
#define HAVE_STRINGS_H 1
#define HAVE_STRING_H 1
#define HAVE_STRING_H 1
#define HAVE_STRUCT_TIMESPEC 1
#define HAVE_SWAPCONTEXT 1
#define HAVE_SYSCALL 1
#define HAVE_SYS_READ 1
#define HAVE_SYS_RESOURCE_H 1
#define HAVE_SYS_SELECT_H 1
#define HAVE_SYS_SOCKET_H 1
#define HAVE_SYS_STAT_H 1
#define HAVE_SYS_STAT_H 1
#define HAVE_SYS_SYSCALL_H 1
#define HAVE_SYS_TIME_H 1
#define HAVE_SYS_TYPES_H 1
#define HAVE_SYS_TYPES_H 1
#define HAVE_SYS_UIO_H 1
#define HAVE_SYS_WAIT_H 1
#define HAVE_UNISTD_H 1
#define HAVE_UNISTD_H 1
#define HAVE_USLEEP 1
#define HAVE_WRITEV 1
#define HAVE__LONGJMP 1
#define HAVE__SETJMP 1
#define PACKAGE_BUGREPORT ""
#define PACKAGE_NAME ""
#define PACKAGE_STRING ""
#define PACKAGE_TARNAME ""
#define PACKAGE_VERSION ""
#define PTH_MCTX_DSP_use PTH_MCTX_DSP_sjlje
#define PTH_MCTX_MTH_use PTH_MCTX_MTH_sjlj
#define PTH_MCTX_STK_use PTH_MCTX_STK_sas
#define PTH_NSIG 32
#define PTH_STACKGROWTH -1
#define PTH_SYSCALL_LIBS ""
#endif
#ifdef __cplusplus
extern "C" void exit (int);

configure: exit 0
